{
"type": "FeatureCollection",
"name": "training_buildings",
"crs": { "type": "name", "properties": { "name": "urn:ogc:def:crs:OGC:1.3:CRS84" } },
"features": [
{ "type": "Feature", "properties": { "building_id": 1, "floors": 1, "damage_level": 0.75, "building_type": "industrial", "zoning_category": "industrial" }, "geometry": { "type": "Polygon", "coordinates": [ [ [ 11.560974850499429, 48.123719107368068 ], [ 11.561074960477546, 48.123928794931743 ], [ 11.560339861096274, 48.124085175101982 ], [ 11.560239751118157, 48.123875488176687 ], [ 11.560974850499429, 48.123719107368068 ] ] ] } },
{ "type": "Feature", "properties": { "building_id": 2, "floors": 4, "damage_level": 0.302, "building_type": "cultural", "zoning_category": "public" }, "geometry": { "type": "Polygon", "coordinates": [ [ [ 11.561805415527417, 48.123645868150888 ], [ 11.56179435047779, 48.123735722376729 ], [ 11.561365957424199, 48.123712215673216 ], [ 11.561377022473824, 48.123622361406248 ], [ 11.561805415527417, 48.123645868150888 ] ] ] } },
{ "type": "Feature", "properties": { "building_id": 3, "floors": 3, "damage_level": 0.179, "building_type": "residential", "zoning_category": "mixed_use" }, "geometry": { "type": "Polygon", "coordinates": [ [ [ 11.562224870295438, 48.123755600934828 ], [ 11.562193082563441, 48.123860769012154 ], [ 11.562071186095597, 48.123844351811719 ], [ 11.562102973827592, 48.123739183700785 ], [ 11.562224870295438, 48.123755600934828 ] ] ] } },
{ "type": "Feature", "properties": { "building_id": 4, "floors": 8, "damage_level": 0.054, "building_type": "commercial", "zoning_category": "commercial" }, "geometry": { "type": "Polygon", "coordinates": [ [ [ 11.563320340699915, 48.123634252805275 ], [ 11.563312977637645, 48.123745421596986 ], [ 11.563001849388804, 48.123736239342001 ], [ 11.563009212451073, 48.123625070530423 ], [ 11.563320340699915, 48.123634252805275 ] ] ] } },
{ "type": "Feature", "properties": { "building_id": 5, "floors": 8, "damage_level": 0.394, "building_type": "commercial", "zoning_category": "mixed_use" }, "geometry": { "type": "Polygon", "coordinates": [ [ [ 11.563985869907837, 48.123656190019346 ], [ 11.564015146297587, 48.123771137939194 ], [ 11.563693480004957, 48.12380764321729 ], [ 11.563664203615206, 48.123692695379141 ], [ 11.563985869907837, 48.123656190019346 ] ] ] } },
{ "type": "Feature", "properties": { "building_id": 6, "floors": 3, "damage_level": 0.398, "building_type": "residential", "zoning_category": "residential" }, "geometry": { "type": "Polygon", "coordinates": [ [ [ 11.564885301449893, 48.123769364976013 ], [ 11.564832196159818, 48.123884834979222 ], [ 11.564618831654025, 48.123841110675308 ], [ 11.564671936944103, 48.123725640573809 ], [ 11.564885301449893, 48.123769364976013 ] ] ] } },
{ "type": "Feature", "properties": { "building_id": 7, "floors": 3, "damage_level": 0.156, "building_type": "cultural", "zoning_category": "historical" }, "geometry": { "type": "Polygon", "coordinates": [ [ [ 11.565694283372068, 48.123709292585602 ], [ 11.565718687672959, 48.123871645394722 ], [ 11.565463020034256, 48.123888769765024 ], [ 11.565438615733365, 48.123726417010026 ], [ 11.565694283372068, 48.123709292585602 ] ] ] } },
{ "type": "Feature", "properties": { "building_id": 8, "floors": 1, "damage_level": 0.537, "building_type": "cultural", "zoning_category": "public" }, "geometry": { "type": "Polygon", "coordinates": [ [ [ 11.566570569567446, 48.123591242882434 ], [ 11.566623452075879, 48.123756660721739 ], [ 11.566370251164489, 48.123792729308995 ], [ 11.566317368656058, 48.123627311585828 ], [ 11.566570569567446, 48.123591242882434 ] ] ] } },
{ "type": "Feature", "properties": { "building_id": 9, "floors": 3, "damage_level": 0.131, "building_type": "commercial", "zoning_category": "mixed_use" }, "geometry": { "type": "Polygon", "coordinates": [ [ [ 11.567362806692035, 48.12372501450627 ], [ 11.567481865830231, 48.123977726886793 ], [ 11.567053955389895, 48.124067556528203 ], [ 11.5669348962517, 48.123814844589639 ], [ 11.567362806692035, 48.12372501450627 ] ] ] } },
{ "type": "Feature", "properties": { "building_id": 10, "floors": 4, "damage_level": 0.114, "building_type": "public", "zoning_category": "public" }, "geometry": { "type": "Polygon", "coordinates": [ [ [ 11.5682977425523, 48.123614046418126 ], [ 11.568189292257356, 48.124077971167544 ], [ 11.567824845660628, 48.124040009314797 ], [ 11.567933295955571, 48.12357608422252 ], [ 11.5682977425523, 48.123614046418126 ] ] ] } },
{ "type": "Feature", "properties": { "building_id": 11, "floors": 4, "damage_level": 0.572, "building_type": "residential", "zoning_category": "mixed_use" }, "geometry": { "type": "Polygon", "coordinates": [ [ [ 11.568662245584086, 48.123814319541388 ], [ 11.568672518756618, 48.123866934731247 ], [ 11.568582034724324, 48.123874806953147 ], [ 11.568571761551793, 48.12382219177136 ], [ 11.568662245584086, 48.123814319541388 ] ] ] } },
{ "type": "Feature", "properties": { "building_id": 12, "floors": 1, "damage_level": 0.802, "building_type": "industrial", "zoning_category": "industrial" }, "geometry": { "type": "Polygon", "coordinates": [ [ [ 11.569711033608794, 48.123644589821893 ], [ 11.569775807882936, 48.123823985030235 ], [ 11.56930031093758, 48.123900486954831 ], [ 11.569235536663438, 48.123721092013682 ], [ 11.569711033608794, 48.123644589821893 ] ] ] } },
{ "type": "Feature", "properties": { "building_id": 13, "floors": 1, "damage_level": 0.68, "building_type": "industrial", "zoning_category": "industrial" }, "geometry": { "type": "Polygon", "coordinates": [ [ [ 11.570763327477268, 48.123646271575687 ], [ 11.570587413353904, 48.124184946331049 ], [ 11.570141027185187, 48.124119991158395 ], [ 11.570316941308551, 48.123581315721836 ], [ 11.570763327477268, 48.123646271575687 ] ] ] } },
{ "type": "Feature", "properties": { "building_id": 14, "floors": 2, "damage_level": 0.508, "building_type": "residential", "zoning_category": "mixed_use" }, "geometry": { "type": "Polygon", "coordinates": [ [ [ 11.571141927012134, 48.123681205834977 ], [ 11.571138457734714, 48.123778495587324 ], [ 11.571003287202023, 48.123776347818044 ], [ 11.571006756479443, 48.123679058061633 ], [ 11.571141927012134, 48.123681205834977 ] ] ] } },
{ "type": "Feature", "properties": { "building_id": 15, "floors": 3, "damage_level": 0.888, "building_type": "residential", "zoning_category": "mixed_use" }, "geometry": { "type": "Polygon", "coordinates": [ [ [ 11.572055650983238, 48.123673931793569 ], [ 11.571977255129543, 48.123827028806211 ], [ 11.571821055455398, 48.123791388639575 ], [ 11.571899451309093, 48.123638291520713 ], [ 11.572055650983238, 48.123673931793569 ] ] ] } },
{ "type": "Feature", "properties": { "building_id": 16, "floors": 3, "damage_level": 0.209, "building_type": "residential", "zoning_category": "residential" }, "geometry": { "type": "Polygon", "coordinates": [ [ [ 11.572836011250576, 48.123635850052601 ], [ 11.572934884353101, 48.123831086352602 ], [ 11.572821397672012, 48.123856695526221 ], [ 11.572722524569487, 48.123661459323557 ], [ 11.572836011250576, 48.123635850052601 ] ] ] } },
{ "type": "Feature", "properties": { "building_id": 17, "floors": 5, "damage_level": 0.41, "building_type": "residential", "zoning_category": "mixed_use" }, "geometry": { "type": "Polygon", "coordinates": [ [ [ 11.573738429681226, 48.12371735593085 ], [ 11.573781212519252, 48.123871526669539 ], [ 11.573667788495387, 48.123885551736869 ], [ 11.573625005657359, 48.123731381040265 ], [ 11.573738429681226, 48.12371735593085 ] ] ] } },
{ "type": "Feature", "properties": { "building_id": 18, "floors": 3, "damage_level": 0.681, "building_type": "residential", "zoning_category": "mixed_use" }, "geometry": { "type": "Polygon", "coordinates": [ [ [ 11.574608234162481, 48.123800005730132 ], [ 11.574593458789025, 48.123871704048049 ], [ 11.574380169030146, 48.123852118687978 ], [ 11.574394944403602, 48.123780420342698 ], [ 11.574608234162481, 48.123800005730132 ] ] ] } },
{ "type": "Feature", "properties": { "building_id": 19, "floors": 3, "damage_level": 0.551, "building_type": "industrial", "zoning_category": "industrial" }, "geometry": { "type": "Polygon", "coordinates": [ [ [ 11.575433860451522, 48.123734497849966 ], [ 11.575454535616908, 48.123927169618028 ], [ 11.574875378978405, 48.12395486187669 ], [ 11.574854703813017, 48.123762190212503 ], [ 11.575433860451522, 48.123734497849966 ] ] ] } },
{ "type": "Feature", "properties": { "building_id": 20, "floors": 4, "damage_level": 0.459, "building_type": "residential", "zoning_category": "residential" }, "geometry": { "type": "Polygon", "coordinates": [ [ [ 11.576253465148024, 48.123823506203514 ], [ 11.576223937160508, 48.123911048168587 ], [ 11.576000051281516, 48.123877398888368 ], [ 11.576029579269035, 48.123789856865955 ], [ 11.576253465148024, 48.123823506203514 ] ] ] } },
{ "type": "Feature", "properties": { "building_id": 21, "floors": 2, "damage_level": 0.814, "building_type": "public", "zoning_category": "public" }, "geometry": { "type": "Polygon", "coordinates": [ [ [ 11.577103835537235, 48.123632094063517 ], [ 11.577064606219523, 48.123818083713559 ], [ 11.576454869883678, 48.123760778034779 ], [ 11.57649409920139, 48.123574788177244 ], [ 11.577103835537235, 48.123632094063517 ] ] ] } },
{ "type": "Feature", "properties": { "building_id": 22, "floors": 3, "damage_level": 0.216, "building_type": "public", "zoning_category": "public" }, "geometry": { "type": "Polygon", "coordinates": [ [ [ 11.577656958813446, 48.123649215190667 ], [ 11.577880040543805, 48.124066668272825 ], [ 11.577635607097866, 48.124124871471992 ], [ 11.577412525367507, 48.123707418862857 ], [ 11.577656958813446, 48.123649215190667 ] ] ] } },
{ "type": "Feature", "properties": { "building_id": 23, "floors": 2, "damage_level": 0.354, "building_type": "residential", "zoning_category": "mixed_use" }, "geometry": { "type": "Polygon", "coordinates": [ [ [ 11.578331500195297, 48.123597248609933 ], [ 11.578434854331986, 48.123794511202242 ], [ 11.57829097007942, 48.123828102753627 ], [ 11.578187615942731, 48.123630840290318 ], [ 11.578331500195297, 48.123597248609933 ] ] ] } },
{ "type": "Feature", "properties": { "building_id": 24, "floors": 3, "damage_level": 0.293, "building_type": "commercial", "zoning_category": "mixed_use" }, "geometry": { "type": "Polygon", "coordinates": [ [ [ 11.560811323300282, 48.124308301934775 ], [ 11.560843477507142, 48.124438065858968 ], [ 11.560497587813074, 48.12447625535566 ], [ 11.560465433606216, 48.124346491527945 ], [ 11.560811323300282, 48.124308301934775 ] ] ] } },
{ "type": "Feature", "properties": { "building_id": 25, "floors": 5, "damage_level": 0.175, "building_type": "commercial", "zoning_category": "mixed_use" }, "geometry": { "type": "Polygon", "coordinates": [ [ [ 11.561658007533499, 48.124320232416068 ], [ 11.561556124751435, 48.124581943606934 ], [ 11.561287008038374, 48.124535262608447 ], [ 11.561388890820437, 48.124273551179733 ], [ 11.561658007533499, 48.124320232416068 ] ] ] } },
{ "type": "Feature", "properties": { "building_id": 26, "floors": 6, "damage_level": 0.282, "building_type": "residential", "zoning_category": "mixed_use" }, "geometry": { "type": "Polygon", "coordinates": [ [ [ 11.562451473580673, 48.12429005917582 ], [ 11.562478923178736, 48.124491642888515 ], [ 11.562239081039019, 48.124506195067212 ], [ 11.562211631440958, 48.124304611411624 ], [ 11.562451473580673, 48.12429005917582 ] ] ] } },
{ "type": "Feature", "properties": { "building_id": 27, "floors": 1, "damage_level": 0.346, "building_type": "cultural", "zoning_category": "historical" }, "geometry": { "type": "Polygon", "coordinates": [ [ [ 11.563159482433598, 48.124352039362641 ], [ 11.56320105488223, 48.12452222613588 ], [ 11.56304468309761, 48.124539246134198 ], [ 11.563003110648978, 48.12436905941734 ], [ 11.563159482433598, 48.124352039362641 ] ] ] } },
{ "type": "Feature", "properties": { "building_id": 28, "floors": 2, "damage_level": 0.785, "building_type": "residential", "zoning_category": "mixed_use" }, "geometry": { "type": "Polygon", "coordinates": [ [ [ 11.564153224975815, 48.124333510588286 ], [ 11.564149232599339, 48.124541756864978 ], [ 11.563966888228821, 48.124540199222331 ], [ 11.563970880605297, 48.124331952939322 ], [ 11.564153224975815, 48.124333510588286 ] ] ] } },
{ "type": "Feature", "properties": { "building_id": 29, "floors": 2, "damage_level": 0.051, "building_type": "residential", "zoning_category": "residential" }, "geometry": { "type": "Polygon", "coordinates": [ [ [ 11.564884781362455, 48.124327736330308 ], [ 11.564871273730706, 48.124443319989737 ], [ 11.564746515614429, 48.124436823569631 ], [ 11.564760023246176, 48.124321239895586 ], [ 11.564884781362455, 48.124327736330308 ] ] ] } },
{ "type": "Feature", "properties": { "building_id": 30, "floors": 3, "damage_level": 0.195, "building_type": "residential", "zoning_category": "mixed_use" }, "geometry": { "type": "Polygon", "coordinates": [ [ [ 11.565693829660367, 48.124158491259124 ], [ 11.565718790471896, 48.12434983309587 ], [ 11.565504760633013, 48.124362273870709 ], [ 11.565479799821485, 48.124170932080304 ], [ 11.565693829660367, 48.124158491259124 ] ] ] } },
{ "type": "Feature", "properties": { "building_id": 31, "floors": 2, "damage_level": 0.184, "building_type": "residential", "zoning_category": "residential" }, "geometry": { "type": "Polygon", "coordinates": [ [ [ 11.566256265579081, 48.124213128507115 ], [ 11.566345038135553, 48.124390779488046 ], [ 11.566133884501021, 48.124437794129079 ], [ 11.56604511194455, 48.12426014331075 ], [ 11.566256265579081, 48.124213128507115 ] ] ] } },
{ "type": "Feature", "properties": { "building_id": 32, "floors": 1, "damage_level": 0.491, "building_type": "residential", "zoning_category": "mixed_use" }, "geometry": { "type": "Polygon", "coordinates": [ [ [ 11.567200896957315, 48.124382809638846 ], [ 11.567198870884271, 48.124444583950918 ], [ 11.567015139281549, 48.124441898895213 ], [ 11.567017165354594, 48.124380124579908 ], [ 11.567200896957315, 48.124382809638846 ] ] ] } },
{ "type": "Feature", "properties": { "building_id": 33, "floors": 3, "damage_level": 0.096, "building_type": "residential", "zoning_category": "mixed_use" }, "geometry": { "type": "Polygon", "coordinates": [ [ [ 11.568113372141045, 48.124396877239867 ], [ 11.568084786326962, 48.124507788998045 ], [ 11.568006690120972, 48.124498820404689 ], [ 11.568035275935054, 48.124387908627149 ], [ 11.568113372141045, 48.124396877239867 ] ] ] } },
{ "type": "Feature", "properties": { "building_id": 34, "floors": 3, "damage_level": 0.498, "building_type": "commercial", "zoning_category": "commercial" }, "geometry": { "type": "Polygon", "coordinates": [ [ [ 11.568750046151948, 48.124245410182006 ], [ 11.568742462253434, 48.124392656950135 ], [ 11.568523296004871, 48.124387627228849 ], [ 11.568530879903385, 48.124240380446288 ], [ 11.568750046151948, 48.124245410182006 ] ] ] } },
{ "type": "Feature", "properties": { "building_id": 35, "floors": 1, "damage_level": 0.239, "building_type": "industrial", "zoning_category": "industrial" }, "geometry": { "type": "Polygon", "coordinates": [ [ [ 11.569824046770867, 48.124190454137754 ], [ 11.569935604727506, 48.124608898458476 ], [ 11.569209318478315, 48.124695174717317 ], [ 11.569097760521675, 48.124276731099435 ], [ 11.569824046770867, 48.124190454137754 ] ] ] } },
{ "type": "Feature", "properties": { "building_id": 36, "floors": 2, "damage_level": 0.802, "building_type": "residential", "zoning_category": "residential" }, "geometry": { "type": "Polygon", "coordinates": [ [ [ 11.57023888973654, 48.124130050097868 ], [ 11.570341233445815, 48.124324982805646 ], [ 11.570220611818185, 48.124353200812422 ], [ 11.570118268108912, 48.124158268211737 ], [ 11.57023888973654, 48.124130050097868 ] ] ] } },
{ "type": "Feature", "properties": { "building_id": 37, "floors": 1, "damage_level": 0.451, "building_type": "commercial", "zoning_category": "mixed_use" }, "geometry": { "type": "Polygon", "coordinates": [ [ [ 11.571322450381224, 48.124181120092494 ], [ 11.571357535213025, 48.124447977342641 ], [ 11.570992547143927, 48.124469359032474 ], [ 11.570957462312126, 48.124202501893407 ], [ 11.571322450381224, 48.124181120092494 ] ] ] } },
{ "type": "Feature", "properties": { "building_id": 38, "floors": 6, "damage_level": 0.769, "building_type": "residential", "zoning_category": "mixed_use" }, "geometry": { "type": "Polygon", "coordinates": [ [ [ 11.572283787197934, 48.124279469787339 ], [ 11.572255177538553, 48.124479407854636 ], [ 11.572014823798982, 48.124464083210917 ], [ 11.572043433458365, 48.124264145083956 ], [ 11.572283787197934, 48.124279469787339 ] ] ] } },
{ "type": "Feature", "properties": { "building_id": 39, "floors": 2, "damage_level": 0.118, "building_type": "industrial", "zoning_category": "industrial" }, "geometry": { "type": "Polygon", "coordinates": [ [ [ 11.57335805062341, 48.124063257469871 ], [ 11.57328982794669, 48.124492261601823 ], [ 11.572354061054449, 48.124425954777657 ], [ 11.572422283731171, 48.123996950091893 ], [ 11.57335805062341, 48.124063257469871 ] ] ] } },
{ "type": "Feature", "properties": { "building_id": 40, "floors": 2, "damage_level": 0.254, "building_type": "residential", "zoning_category": "mixed_use" }, "geometry": { "type": "Polygon", "coordinates": [ [ [ 11.573640729875867, 48.12429086767262 ], [ 11.573619476522435, 48.124348648362208 ], [ 11.573430512760686, 48.124317677931053 ], [ 11.57345176611412, 48.124259897206635 ], [ 11.573640729875867, 48.12429086767262 ] ] ] } },
{ "type": "Feature", "properties": { "building_id": 41, "floors": 3, "damage_level": 0.427, "building_type": "commercial", "zoning_category": "commercial" }, "geometry": { "type": "Polygon", "coordinates": [ [ [ 11.574620590094179, 48.124236960360356 ], [ 11.574563998446532, 48.124348543733568 ], [ 11.574115960666624, 48.12424729444114 ], [ 11.57417255231427, 48.124135710847966 ], [ 11.574620590094179, 48.124236960360356 ] ] ] } },
{ "type": "Feature", "properties": { "building_id": 42, "floors": 1, "damage_level": 0.372, "building_type": "industrial", "zoning_category": "industrial" }, "geometry": { "type": "Polygon", "coordinates": [ [ [ 11.575528808823753, 48.124259884281784 ], [ 11.575429177613001, 48.124513664497321 ], [ 11.575030722254981, 48.124443963418379 ], [ 11.575130353465733, 48.124190182858456 ], [ 11.575528808823753, 48.124259884281784 ] ] ] } },
{ "type": "Feature", "properties": { "building_id": 43, "floors": 5, "damage_level": 0.697, "building_type": "residential", "zoning_category": "mixed_use" }, "geometry": { "type": "Polygon", "coordinates": [ [ [ 11.576232159473069, 48.124317094765189 ], [ 11.576256519043978, 48.124445844920245 ], [ 11.57602434271419, 48.12446541813852 ], [ 11.575999983143278, 48.124336668032541 ], [ 11.576232159473069, 48.124317094765189 ] ] ] } },
{ "type": "Feature", "properties": { "building_id": 44, "floors": 3, "damage_level": 0.073, "building_type": "residential", "zoning_category": "residential" }, "geometry": { "type": "Polygon", "coordinates": [ [ [ 11.576817650599196, 48.124351779992267 ], [ 11.576818799741567, 48.124509320014894 ], [ 11.576575035636562, 48.124510112286771 ], [ 11.576573886494192, 48.124352572266574 ], [ 11.576817650599196, 48.124351779992267 ] ] ] } },
{ "type": "Feature", "properties": { "building_id": 45, "floors": 1, "damage_level": 0.187, "building_type": "residential", "zoning_category": "residential" }, "geometry": { "type": "Polygon", "coordinates": [ [ [ 11.577823932948327, 48.124258409931194 ], [ 11.5778249589189, 48.12443422119221 ], [ 11.577610877809686, 48.124434777851505 ], [ 11.577609851839112, 48.124258966592386 ], [ 11.577823932948327, 48.124258409931194 ] ] ] } },
{ "type": "Feature", "properties": { "building_id": 46, "floors": 5, "damage_level": 0.707, "building_type": "residential", "zoning_category": "mixed_use" }, "geometry": { "type": "Polygon", "coordinates": [ [ [ 11.578617247929325, 48.124370413717891 ], [ 11.578556766639576, 48.124524580032627 ], [ 11.578318891705118, 48.12448299838502 ], [ 11.578379372994869, 48.124328831945483 ], [ 11.578617247929325, 48.124370413717891 ] ] ] } },
{ "type": "Feature", "properties": { "building_id": 47, "floors": 5, "damage_level": 0.253, "building_type": "public", "zoning_category": "mixed_use" }, "geometry": { "type": "Polygon", "coordinates": [ [ [ 11.560702376582054, 48.124767229933347 ], [ 11.560722134888129, 48.124917100537068 ], [ 11.560503125961256, 48.124929965532679 ], [ 11.560483367655181, 48.124780094966496 ], [ 11.560702376582054, 48.124767229933347 ] ] ] } },
{ "type": "Feature", "properties": { "building_id": 48, "floors": 2, "damage_level": 0.277, "building_type": "industrial", "zoning_category": "industrial" }, "geometry": { "type": "Polygon", "coordinates": [ [ [ 11.561977957472109, 48.124904488909181 ], [ 11.561966509865263, 48.12509179350905 ], [ 11.561365299844326, 48.125075421409605 ], [ 11.561376747451172, 48.124888116750029 ], [ 11.561977957472109, 48.124904488909181 ] ] ] } },
{ "type": "Feature", "properties": { "building_id": 49, "floors": 5, "damage_level": 0.504, "building_type": "residential", "zoning_category": "mixed_use" }, "geometry": { "type": "Polygon", "coordinates": [ [ [ 11.562292867840602, 48.124802789227836 ], [ 11.56223665179102, 48.124966478330279 ], [ 11.562066527005637, 48.124940445456822 ], [ 11.56212274305522, 48.124776756271409 ], [ 11.562292867840602, 48.124802789227836 ] ] ] } },
{ "type": "Feature", "properties": { "building_id": 50, "floors": 7, "damage_level": 0.856, "building_type": "residential", "zoning_category": "residential" }, "geometry": { "type": "Polygon", "coordinates": [ [ [ 11.563119921320908, 48.124784376285064 ], [ 11.56316204213736, 48.124863712782549 ], [ 11.562947213273011, 48.124914532401817 ], [ 11.562905092456559, 48.124835195982826 ], [ 11.563119921320908, 48.124784376285064 ] ] ] } },
{ "type": "Feature", "properties": { "building_id": 51, "floors": 1, "damage_level": 0.124, "building_type": "cultural", "zoning_category": "historical" }, "geometry": { "type": "Polygon", "coordinates": [ [ [ 11.56413315300418, 48.124728470243419 ], [ 11.564229184756304, 48.124998559108782 ], [ 11.564020686530061, 48.125031590293858 ], [ 11.563924654777937, 48.124761501602187 ], [ 11.56413315300418, 48.124728470243419 ] ] ] } },
{ "type": "Feature", "properties": { "building_id": 52, "floors": 1, "damage_level": 0.134, "building_type": "industrial", "zoning_category": "industrial" }, "geometry": { "type": "Polygon", "coordinates": [ [ [ 11.565288856011813, 48.124530986703313 ], [ 11.565352899073975, 48.125110473897649 ], [ 11.564342375793998, 48.125160234718066 ], [ 11.564278332731837, 48.124580748085151 ], [ 11.565288856011813, 48.124530986703313 ] ] ] } },
{ "type": "Feature", "properties": { "building_id": 53, "floors": 8, "damage_level": 0.461, "building_type": "residential", "zoning_category": "mixed_use" }, "geometry": { "type": "Polygon", "coordinates": [ [ [ 11.565533071049607, 48.124899696971042 ], [ 11.565502865280784, 48.124956797713288 ], [ 11.565336222364826, 48.124917519771081 ], [ 11.565366428133649, 48.124860418985172 ], [ 11.565533071049607, 48.124899696971042 ] ] ] } },
{ "type": "Feature", "properties": { "building_id": 54, "floors": 8, "damage_level": 0.576, "building_type": "commercial", "zoning_category": "commercial" }, "geometry": { "type": "Polygon", "coordinates": [ [ [ 11.566390650667607, 48.124881198013234 ], [ 11.56640172781581, 48.125008107493962 ], [ 11.566196112128232, 48.125016104052165 ], [ 11.566185034980029, 48.124889194591198 ], [ 11.566390650667607, 48.124881198013234 ] ] ] } },
{ "type": "Feature", "properties": { "building_id": 55, "floors": 6, "damage_level": 0.199, "building_type": "commercial", "zoning_category": "commercial" }, "geometry": { "type": "Polygon", "coordinates": [ [ [ 11.567151395282838, 48.124887149231952 ], [ 11.567050051697869, 48.125078275225206 ], [ 11.566889359649926, 48.125040310249162 ], [ 11.566990703234897, 48.124849184114638 ], [ 11.567151395282838, 48.124887149231952 ] ] ] } },
{ "type": "Feature", "properties": { "building_id": 56, "floors": 1, "damage_level": 0.266, "building_type": "industrial", "zoning_category": "industrial" }, "geometry": { "type": "Polygon", "coordinates": [ [ [ 11.568364736225851, 48.124757816113146 ], [ 11.568449859755178, 48.125114003684907 ], [ 11.567507246944439, 48.125214376462665 ], [ 11.567422123415112, 48.124858189586959 ], [ 11.568364736225851, 48.124757816113146 ] ] ] } },
{ "type": "Feature", "properties": { "building_id": 57, "floors": 3, "damage_level": 0.101, "building_type": "cultural", "zoning_category": "historical" }, "geometry": { "type": "Polygon", "coordinates": [ [ [ 11.569040252172414, 48.124841765359037 ], [ 11.569076729739132, 48.125126603985983 ], [ 11.5687591635676, 48.125144724594954 ], [ 11.568722686000882, 48.124859886068506 ], [ 11.569040252172414, 48.124841765359037 ] ] ] } },
{ "type": "Feature", "properties": { "building_id": 58, "floors": 1, "damage_level": 0.532, "building_type": "public", "zoning_category": "mixed_use" }, "geometry": { "type": "Polygon", "coordinates": [ [ [ 11.569777875816834, 48.12469900669474 ], [ 11.569733339166968, 48.124946011021493 ], [ 11.569251750931656, 48.124907320590616 ], [ 11.569296287581521, 48.124660316077808 ], [ 11.569777875816834, 48.12469900669474 ] ] ] } },
{ "type": "Feature", "properties": { "building_id": 59, "floors": 4, "damage_level": 0.246, "building_type": "commercial", "zoning_category": "commercial" }, "geometry": { "type": "Polygon", "coordinates": [ [ [ 11.570503811659441, 48.124803309530641 ], [ 11.570510225681616, 48.125110629639231 ], [ 11.570319162641255, 48.125112406396816 ], [ 11.570312748619077, 48.124805086298856 ], [ 11.570503811659441, 48.124803309530641 ] ] ] } },
{ "type": "Feature", "properties": { "building_id": 60, "floors": 3, "damage_level": 0.276, "building_type": "public", "zoning_category": "mixed_use" }, "geometry": { "type": "Polygon", "coordinates": [ [ [ 11.57134210977771, 48.124819182706567 ], [ 11.571369814566442, 48.12506454772776 ], [ 11.571183493839001, 48.125073921531602 ], [ 11.57115578905027, 48.124828556555194 ], [ 11.57134210977771, 48.124819182706567 ] ] ] } },
{ "type": "Feature", "properties": { "building_id": 61, "floors": 2, "damage_level": 0.282, "building_type": "industrial", "zoning_category": "industrial" }, "geometry": { "type": "Polygon", "coordinates": [ [ [ 11.572359565349375, 48.124735985583953 ], [ 11.572160855597541, 48.125144676250969 ], [ 11.571573801882561, 48.125017497454067 ], [ 11.571772511634395, 48.124608805775111 ], [ 11.572359565349375, 48.124735985583953 ] ] ] } },
{ "type": "Feature", "properties": { "building_id": 62, "floors": 2, "damage_level": 0.184, "building_type": "residential", "zoning_category": "mixed_use" }, "geometry": { "type": "Polygon", "coordinates": [ [ [ 11.57292275774306, 48.124766774054933 ], [ 11.572914080504074, 48.124870830422822 ], [ 11.572730962903357, 48.12486402651799 ], [ 11.572739640142343, 48.12475997013631 ], [ 11.57292275774306, 48.124766774054933 ] ] ] } },
{ "type": "Feature", "properties": { "building_id": 63, "floors": 3, "damage_level": 0.5, "building_type": "residential", "zoning_category": "mixed_use" }, "geometry": { "type": "Polygon", "coordinates": [ [ [ 11.573729644538453, 48.124873553932794 ], [ 11.57369792634233, 48.124948019824544 ], [ 11.573518048807694, 48.124913881520499 ], [ 11.573549767003817, 48.124839415579252 ], [ 11.573729644538453, 48.124873553932794 ] ] ] } },
{ "type": "Feature", "properties": { "building_id": 64, "floors": 1, "damage_level": 0.407, "building_type": "residential", "zoning_category": "residential" }, "geometry": { "type": "Polygon", "coordinates": [ [ [ 11.574398465116774, 48.124749004557408 ], [ 11.574393154554119, 48.124853195076902 ], [ 11.574259368141607, 48.124850156712426 ], [ 11.574264678704262, 48.124745966186772 ], [ 11.574398465116774, 48.124749004557408 ] ] ] } },
{ "type": "Feature", "properties": { "building_id": 65, "floors": 4, "damage_level": 0.83, "building_type": "residential", "zoning_category": "residential" }, "geometry": { "type": "Polygon", "coordinates": [ [ [ 11.57539634062463, 48.124691813237781 ], [ 11.575472840739815, 48.124861701205248 ], [ 11.575397253313588, 48.124876866980337 ], [ 11.575320753198403, 48.124706979063028 ], [ 11.57539634062463, 48.124691813237781 ] ] ] } },
{ "type": "Feature", "properties": { "building_id": 66, "floors": 1, "damage_level": 0.485, "building_type": "industrial", "zoning_category": "industrial" }, "geometry": { "type": "Polygon", "coordinates": [ [ [ 11.576331227786016, 48.124677202580635 ], [ 11.576362734732472, 48.124909143652424 ], [ 11.575480596247839, 48.124962536158719 ], [ 11.575449089301383, 48.124730595328032 ], [ 11.576331227786016, 48.124677202580635 ] ] ] } },
{ "type": "Feature", "properties": { "building_id": 67, "floors": 2, "damage_level": 0.46, "building_type": "industrial", "zoning_category": "industrial" }, "geometry": { "type": "Polygon", "coordinates": [ [ [ 11.577043499775636, 48.124768797128212 ], [ 11.576935988236656, 48.125022269300281 ], [ 11.576606518566503, 48.124960002896522 ], [ 11.576714030105483, 48.124706530417171 ], [ 11.577043499775636, 48.124768797128212 ] ] ] } },
{ "type": "Feature", "properties": { "building_id": 68, "floors": 2, "damage_level": 0.622, "building_type": "residential", "zoning_category": "residential" }, "geometry": { "type": "Polygon", "coordinates": [ [ [ 11.577590346486916, 48.124778529011067 ], [ 11.577579154073678, 48.124945719662968 ], [ 11.577488538162534, 48.12494301676012 ], [ 11.577499730575772, 48.124775826099423 ], [ 11.577590346486916, 48.124778529011067 ] ] ] } },
{ "type": "Feature", "properties": { "building_id": 69, "floors": 3, "damage_level": 0.476, "building_type": "residential", "zoning_category": "residential" }, "geometry": { "type": "Polygon", "coordinates": [ [ [ 11.578557272649197, 48.124706753605771 ], [ 11.578632148906953, 48.124875235143001 ], [ 11.578446280202446, 48.124912040695783 ], [ 11.57837140394469, 48.12474355927926 ], [ 11.578557272649197, 48.124706753605771 ] ] ] } },
{ "type": "Feature", "properties": { "building_id": 70, "floors": 4, "damage_level": 0.399, "building_type": "residential", "zoning_category": "residential" }, "geometry": { "type": "Polygon", "coordinates": [ [ [ 11.560830075345553, 48.125293538526265 ], [ 11.560881571287162, 48.125484085643961 ], [ 11.560751183897963, 48.125499786066982 ], [ 11.560699687956356, 48.125309239007521 ], [ 11.560830075345553, 48.125293538526265 ] ] ] } },
{ "type": "Feature", "properties": { "building_id": 71, "floors": 2, "damage_level": 0.274, "building_type": "residential", "zoning_category": "mixed_use" }, "geometry": { "type": "Polygon", "coordinates": [ [ [ 11.561715849434792, 48.125252569166015 ], [ 11.561732416308013, 48.12532572265512 ], [ 11.561617665290457, 48.125337301610834 ], [ 11.561601098417235, 48.125264148138228 ], [ 11.561715849434792, 48.125252569166015 ] ] ] } },
{ "type": "Feature", "properties": { "building_id": 72, "floors": 4, "damage_level": 0.294, "building_type": "residential", "zoning_category": "mixed_use" }, "geometry": { "type": "Polygon", "coordinates": [ [ [ 11.562330358992352, 48.125350508551115 ], [ 11.562247236114107, 48.12553549761568 ], [ 11.562006783695583, 48.125487357382674 ], [ 11.562089906573826, 48.125302368144723 ], [ 11.562330358992352, 48.125350508551115 ] ] ] } },
{ "type": "Feature", "properties": { "building_id": 73, "floors": 1, "damage_level": 0.292, "building_type": "industrial", "zoning_category": "industrial" }, "geometry": { "type": "Polygon", "coordinates": [ [ [ 11.563612569746155, 48.125344133746104 ], [ 11.563475562026307, 48.125723797608657 ], [ 11.562636557996427, 48.125588897484 ], [ 11.562773565716279, 48.125209232624279 ], [ 11.563612569746155, 48.125344133746104 ] ] ] } },
{ "type": "Feature", "properties": { "building_id": 74, "floors": 2, "damage_level": 0.58, "building_type": "industrial", "zoning_category": "industrial" }, "geometry": { "type": "Polygon", "coordinates": [ [ [ 11.564257237430585, 48.125048456703453 ], [ 11.564456449259703, 48.125497130508926 ], [ 11.563767107702576, 48.12563350224648 ], [ 11.563567895873456, 48.125184829632275 ], [ 11.564257237430585, 48.125048456703453 ] ] ] } },
{ "type": "Feature", "properties": { "building_id": 75, "floors": 8, "damage_level": 0.664, "building_type": "residential", "zoning_category": "mixed_use" }, "geometry": { "type": "Polygon", "coordinates": [ [ [ 11.564722650505162, 48.125402716172253 ], [ 11.564733441899898, 48.125460499479011 ], [ 11.564638164782554, 48.125468427573388 ], [ 11.564627373387818, 48.125410644275547 ], [ 11.564722650505162, 48.125402716172253 ] ] ] } },
{ "type": "Feature", "properties": { "building_id": 76, "floors": 2, "damage_level": 0.423, "building_type": "commercial", "zoning_category": "mixed_use" }, "geometry": { "type": "Polygon", "coordinates": [ [ [ 11.565850639712616, 48.12535545908046 ], [ 11.565738795381158, 48.125654242315093 ], [ 11.565386476310184, 48.125595480264195 ], [ 11.565498320641645, 48.125296696687734 ], [ 11.565850639712616, 48.12535545908046 ] ] ] } },
{ "type": "Feature", "properties": { "building_id": 77, "floors": 4, "damage_level": 0.249, "building_type": "residential", "zoning_category": "residential" }, "geometry": { "type": "Polygon", "coordinates": [ [ [ 11.566587846883388, 48.125455817389685 ], [ 11.566528368130323, 48.125619014312491 ], [ 11.566446931221449, 48.125605789971466 ], [ 11.566506409974515, 48.125442593006639 ], [ 11.566587846883388, 48.125455817389685 ] ] ] } },
{ "type": "Feature", "properties": { "building_id": 78, "floors": 6, "damage_level": 0.505, "building_type": "residential", "zoning_category": "residential" }, "geometry": { "type": "Polygon", "coordinates": [ [ [ 11.567105295994416, 48.125252834685959 ], [ 11.567134162856311, 48.125402172330034 ], [ 11.567020891524621, 48.125411927990257 ], [ 11.566992024662722, 48.125262590374554 ], [ 11.567105295994416, 48.125252834685959 ] ] ] } },
{ "type": "Feature", "properties": { "building_id": 79, "floors": 3, "damage_level": 0.696, "building_type": "public", "zoning_category": "public" }, "geometry": { "type": "Polygon", "coordinates": [ [ [ 11.568068801249719, 48.125252887203033 ], [ 11.568177088493039, 48.125635008468166 ], [ 11.567854247727043, 48.125675771620017 ], [ 11.567745960483723, 48.125293650658136 ], [ 11.568068801249719, 48.125252887203033 ] ] ] } },
{ "type": "Feature", "properties": { "building_id": 80, "floors": 5, "damage_level": 0.27, "building_type": "commercial", "zoning_category": "commercial" }, "geometry": { "type": "Polygon", "coordinates": [ [ [ 11.568973460098803, 48.125429277330866 ], [ 11.568934728499128, 48.12561927651673 ], [ 11.56863238799472, 48.125591815724242 ], [ 11.568671119594395, 48.125401816436785 ], [ 11.568973460098803, 48.125429277330866 ] ] ] } },
{ "type": "Feature", "properties": { "building_id": 81, "floors": 3, "damage_level": 0.192, "building_type": "commercial", "zoning_category": "commercial" }, "geometry": { "type": "Polygon", "coordinates": [ [ [ 11.569722303490478, 48.125391096248414 ], [ 11.569674965245152, 48.125574836931726 ], [ 11.569465923932739, 48.1255508407191 ], [ 11.569513262178065, 48.125367099949948 ], [ 11.569722303490478, 48.125391096248414 ] ] ] } },
{ "type": "Feature", "properties": { "building_id": 82, "floors": 3, "damage_level": 0.462, "building_type": "residential", "zoning_category": "mixed_use" }, "geometry": { "type": "Polygon", "coordinates": [ [ [ 11.57058839107083, 48.125452986677416 ], [ 11.570576517384724, 48.1255619999475 ], [ 11.57040870920396, 48.125553856226084 ], [ 11.570420582890065, 48.125444842938712 ], [ 11.57058839107083, 48.125452986677416 ] ] ] } },
{ "type": "Feature", "properties": { "building_id": 83, "floors": 1, "damage_level": 0.548, "building_type": "industrial", "zoning_category": "industrial" }, "geometry": { "type": "Polygon", "coordinates": [ [ [ 11.571415040183105, 48.125200322867769 ], [ 11.571320655250002, 48.125614598627784 ], [ 11.571000606858069, 48.125582109886444 ], [ 11.571094991791171, 48.125167833864388 ], [ 11.571415040183105, 48.125200322867769 ] ] ] } },
{ "type": "Feature", "properties": { "building_id": 84, "floors": 2, "damage_level": 0.483, "building_type": "residential", "zoning_category": "residential" }, "geometry": { "type": "Polygon", "coordinates": [ [ [ 11.572272535350892, 48.125277907705446 ], [ 11.572254388607117, 48.125478877982381 ], [ 11.572099798551259, 48.125472658506318 ], [ 11.572117945295032, 48.125271688205046 ], [ 11.572272535350892, 48.125277907705446 ] ] ] } },
{ "type": "Feature", "properties": { "building_id": 85, "floors": 1, "damage_level": 0.694, "building_type": "public", "zoning_category": "mixed_use" }, "geometry": { "type": "Polygon", "coordinates": [ [ [ 11.573003500883962, 48.125323650335439 ], [ 11.572939633081273, 48.125725574248605 ], [ 11.572309574216282, 48.125680965353659 ], [ 11.572373442018971, 48.125279041091424 ], [ 11.573003500883962, 48.125323650335439 ] ] ] } },
{ "type": "Feature", "properties": { "building_id": 86, "floors": 1, "damage_level": 0.631, "building_type": "residential", "zoning_category": "residential" }, "geometry": { "type": "Polygon", "coordinates": [ [ [ 11.573625687126921, 48.125281018480941 ], [ 11.57356551379114, 48.125395116114625 ], [ 11.573340871178576, 48.125342329208664 ], [ 11.573401044514359, 48.125228231457697 ], [ 11.573625687126921, 48.125281018480941 ] ] ] } },
{ "type": "Feature", "properties": { "building_id": 87, "floors": 5, "damage_level": 0.751, "building_type": "residential", "zoning_category": "mixed_use" }, "geometry": { "type": "Polygon", "coordinates": [ [ [ 11.57466979265206, 48.125435900368551 ], [ 11.574703237256934, 48.125542977365399 ], [ 11.574525967617006, 48.125567647300549 ], [ 11.574492523012132, 48.125460570355131 ], [ 11.57466979265206, 48.125435900368551 ] ] ] } },
{ "type": "Feature", "properties": { "building_id": 88, "floors": 4, "damage_level": 0.163, "building_type": "public", "zoning_category": "mixed_use" }, "geometry": { "type": "Polygon", "coordinates": [ [ [ 11.575285720167887, 48.125266335408313 ], [ 11.575297949242275, 48.125510950498558 ], [ 11.574947360992359, 48.12551875980833 ], [ 11.57493513191797, 48.125274144755274 ], [ 11.575285720167887, 48.125266335408313 ] ] ] } },
{ "type": "Feature", "properties": { "building_id": 89, "floors": 5, "damage_level": 0.103, "building_type": "residential", "zoning_category": "mixed_use" }, "geometry": { "type": "Polygon", "coordinates": [ [ [ 11.575961687219904, 48.125282804506597 ], [ 11.575984484450297, 48.125380018406503 ], [ 11.575907470213492, 48.125388065356091 ], [ 11.575884672983097, 48.125290851471433 ], [ 11.575961687219904, 48.125282804506597 ] ] ] } },
{ "type": "Feature", "properties": { "building_id": 90, "floors": 8, "damage_level": 0.32, "building_type": "residential", "zoning_category": "mixed_use" }, "geometry": { "type": "Polygon", "coordinates": [ [ [ 11.576950813992653, 48.125496293691867 ], [ 11.576950672143424, 48.125558081751336 ], [ 11.576804314455035, 48.125557932044579 ], [ 11.576804456304266, 48.125496143984932 ], [ 11.576950813992653, 48.125496293691867 ] ] ] } },
{ "type": "Feature", "properties": { "building_id": 91, "floors": 2, "damage_level": 0.388, "building_type": "public", "zoning_category": "mixed_use" }, "geometry": { "type": "Polygon", "coordinates": [ [ [ 11.578030393661164, 48.125207757667795 ], [ 11.577910142782411, 48.125543061381663 ], [ 11.577510432346068, 48.125479190857753 ], [ 11.577630683224823, 48.125143886726917 ], [ 11.578030393661164, 48.125207757667795 ] ] ] } },
{ "type": "Feature", "properties": { "building_id": 92, "floors": 2, "damage_level": 0.837, "building_type": "residential", "zoning_category": "residential" }, "geometry": { "type": "Polygon", "coordinates": [ [ [ 11.578613303232938, 48.125341523804082 ], [ 11.578659024873327, 48.125476696987739 ], [ 11.578518689757624, 48.125497846610756 ], [ 11.578472968117236, 48.125362673482755 ], [ 11.578613303232938, 48.125341523804082 ] ] ] } },
{ "type": "Feature", "properties": { "building_id": 93, "floors": 6, "damage_level": 0.188, "building_type": "commercial", "zoning_category": "mixed_use" }, "geometry": { "type": "Polygon", "coordinates": [ [ [ 11.560931141206854, 48.125762467004463 ], [ 11.560796567093696, 48.126105363236888 ], [ 11.560382685869843, 48.126032991300541 ], [ 11.560517259983, 48.125690094584954 ], [ 11.560931141206854, 48.125762467004463 ] ] ] } },
{ "type": "Feature", "properties": { "building_id": 94, "floors": 2, "damage_level": 0.075, "building_type": "residential", "zoning_category": "mixed_use" }, "geometry": { "type": "Polygon", "coordinates": [ [ [ 11.561481663419844, 48.12579481300007 ], [ 11.561453364401924, 48.125971279437117 ], [ 11.561363309178688, 48.125964844932845 ], [ 11.561391608196606, 48.125788378473679 ], [ 11.561481663419844, 48.12579481300007 ] ] ] } },
{ "type": "Feature", "properties": { "building_id": 95, "floors": 1, "damage_level": 0.072, "building_type": "public", "zoning_category": "public" }, "geometry": { "type": "Polygon", "coordinates": [ [ [ 11.562531574154622, 48.125762386086109 ], [ 11.562576548339212, 48.12622110162409 ], [ 11.561922664609966, 48.126249665302723 ], [ 11.561877690425378, 48.125790950019841 ], [ 11.562531574154622, 48.125762386086109 ] ] ] } },
{ "type": "Feature", "properties": { "building_id": 96, "floors": 1, "damage_level": 0.756, "building_type": "industrial", "zoning_category": "industrial" }, "geometry": { "type": "Polygon", "coordinates": [ [ [ 11.5634356088682, 48.125759351497422 ], [ 11.563319949716799, 48.126297901541555 ], [ 11.562915921064429, 48.126259241778861 ], [ 11.563031580215828, 48.125720691329356 ], [ 11.5634356088682, 48.125759351497422 ] ] ] } },
{ "type": "Feature", "properties": { "building_id": 97, "floors": 3, "damage_level": 0.124, "building_type": "residential", "zoning_category": "residential" }, "geometry": { "type": "Polygon", "coordinates": [ [ [ 11.563941422794088, 48.125957687834457 ], [ 11.563933312632782, 48.126106607242285 ], [ 11.563813365502966, 48.126103696776013 ], [ 11.56382147566427, 48.125954777359738 ], [ 11.563941422794088, 48.125957687834457 ] ] ] } },
{ "type": "Feature", "properties": { "building_id": 98, "floors": 3, "damage_level": 0.454, "building_type": "residential", "zoning_category": "mixed_use" }, "geometry": { "type": "Polygon", "coordinates": [ [ [ 11.564956413553286, 48.12590198985643 ], [ 11.565024838392965, 48.126104399039306 ], [ 11.564855579590404, 48.126129892541691 ], [ 11.564787154750725, 48.125927483459272 ], [ 11.564956413553286, 48.12590198985643 ] ] ] } },
{ "type": "Feature", "properties": { "building_id": 99, "floors": 8, "damage_level": 0.118, "building_type": "residential", "zoning_category": "residential" }, "geometry": { "type": "Polygon", "coordinates": [ [ [ 11.565691087492306, 48.125909431995176 ], [ 11.565686166831854, 48.126092545390271 ], [ 11.56558928005569, 48.126091385377748 ], [ 11.565594200716141, 48.12590827197851 ], [ 11.565691087492306, 48.125909431995176 ] ] ] } },
{ "type": "Feature", "properties": { "building_id": 100, "floors": 3, "damage_level": 0.332, "building_type": "residential", "zoning_category": "mixed_use" }, "geometry": { "type": "Polygon", "coordinates": [ [ [ 11.566269367018615, 48.126022566925272 ], [ 11.56626952304441, 48.126081411966503 ], [ 11.566108169567036, 48.126081602582531 ], [ 11.566108013541239, 48.12602275754152 ], [ 11.566269367018615, 48.126022566925272 ] ] ] } },
{ "type": "Feature", "properties": { "building_id": 101, "floors": 4, "damage_level": 0.705, "building_type": "residential", "zoning_category": "residential" }, "geometry": { "type": "Polygon", "coordinates": [ [ [ 11.567103826115281, 48.125811857470417 ], [ 11.567152702004922, 48.125953336888045 ], [ 11.566978086115791, 48.125980213970649 ], [ 11.566929210226149, 48.12583873462706 ], [ 11.567103826115281, 48.125811857470417 ] ] ] } },
{ "type": "Feature", "properties": { "building_id": 102, "floors": 1, "damage_level": 0.259, "building_type": "residential", "zoning_category": "mixed_use" }, "geometry": { "type": "Polygon", "coordinates": [ [ [ 11.568067631413999, 48.125934358356368 ], [ 11.568045707027629, 48.126010788822022 ], [ 11.567805967050507, 48.125980148215888 ], [ 11.567827891436876, 48.125903717704645 ], [ 11.568067631413999, 48.125934358356368 ] ] ] } },
{ "type": "Feature", "properties": { "building_id": 103, "floors": 5, "damage_level": 0.364, "building_type": "commercial", "zoning_category": "mixed_use" }, "geometry": { "type": "Polygon", "coordinates": [ [ [ 11.568982850933894, 48.125978791389635 ], [ 11.568880370279185, 48.12619609941661 ], [ 11.568546561693388, 48.126125960798454 ], [ 11.568649042348097, 48.12590865247472 ], [ 11.568982850933894, 48.125978791389635 ] ] ] } },
{ "type": "Feature", "properties": { "building_id": 104, "floors": 2, "damage_level": 0.403, "building_type": "commercial", "zoning_category": "commercial" }, "geometry": { "type": "Polygon", "coordinates": [ [ [ 11.569670440134008, 48.125734805815235 ], [ 11.569625541600097, 48.12608201452462 ], [ 11.569184159826104, 48.126056584205223 ], [ 11.569229058360015, 48.125709375323929 ], [ 11.569670440134008, 48.125734805815235 ] ] ] } },
{ "type": "Feature", "properties": { "building_id": 105, "floors": 6, "damage_level": 0.382, "building_type": "commercial", "zoning_category": "mixed_use" }, "geometry": { "type": "Polygon", "coordinates": [ [ [ 11.570527097947565, 48.125869864705898 ], [ 11.570474252248221, 48.126036150448982 ], [ 11.570174694814279, 48.125993734353528 ], [ 11.570227540513622, 48.125827448473117 ], [ 11.570527097947565, 48.125869864705898 ] ] ] } },
{ "type": "Feature", "properties": { "building_id": 106, "floors": 4, "damage_level": 0.29, "building_type": "residential", "zoning_category": "residential" }, "geometry": { "type": "Polygon", "coordinates": [ [ [ 11.571369452739138, 48.125832659237943 ], [ 11.571365534771573, 48.126008511015861 ], [ 11.571120842997702, 48.12600608200345 ], [ 11.571124760965267, 48.125830230217225 ], [ 11.571369452739138, 48.125832659237943 ] ] ] } },
{ "type": "Feature", "properties": { "building_id": 107, "floors": 3, "damage_level": 0.508, "building_type": "industrial", "zoning_category": "industrial" }, "geometry": { "type": "Polygon", "coordinates": [ [ [ 11.572621489941076, 48.125856839600182 ], [ 11.572439773669254, 48.126276125067051 ], [ 11.57160662312126, 48.126115245474686 ], [ 11.57178833939308, 48.125695958694493 ], [ 11.572621489941076, 48.125856839600182 ] ] ] } },
{ "type": "Feature", "properties": { "building_id": 108, "floors": 4, "damage_level": 0.224, "building_type": "residential", "zoning_category": "mixed_use" }, "geometry": { "type": "Polygon", "coordinates": [ [ [ 11.572799186294041, 48.1259792088347 ], [ 11.572766104967259, 48.126053187979899 ], [ 11.572537953323637, 48.126007731845682 ], [ 11.572571034650421, 48.125933752635021 ], [ 11.572799186294041, 48.1259792088347 ] ] ] } },
{ "type": "Feature", "properties": { "building_id": 109, "floors": 1, "damage_level": 0.493, "building_type": "cultural", "zoning_category": "historical" }, "geometry": { "type": "Polygon", "coordinates": [ [ [ 11.573750845622088, 48.125905064994782 ], [ 11.573764494919432, 48.126195905411457 ], [ 11.573379872592067, 48.126203947772979 ], [ 11.573366223294725, 48.125913107401843 ], [ 11.573750845622088, 48.125905064994782 ] ] ] } },
{ "type": "Feature", "properties": { "building_id": 110, "floors": 5, "damage_level": 0.185, "building_type": "residential", "zoning_category": "residential" }, "geometry": { "type": "Polygon", "coordinates": [ [ [ 11.574468972275323, 48.125898482458311 ], [ 11.574515077710391, 48.125996771814826 ], [ 11.574327113414425, 48.126036055930406 ], [ 11.574281007979355, 48.125937766649059 ], [ 11.574468972275323, 48.125898482458311 ] ] ] } },
{ "type": "Feature", "properties": { "building_id": 111, "floors": 3, "damage_level": 0.85, "building_type": "commercial", "zoning_category": "mixed_use" }, "geometry": { "type": "Polygon", "coordinates": [ [ [ 11.575504794419789, 48.125742254063582 ], [ 11.575517876894661, 48.126070850400851 ], [ 11.575214423254348, 48.126076233289446 ], [ 11.575201340779479, 48.125747636986617 ], [ 11.575504794419789, 48.125742254063582 ] ] ] } },
{ "type": "Feature", "properties": { "building_id": 112, "floors": 4, "damage_level": 0.488, "building_type": "public", "zoning_category": "public" }, "geometry": { "type": "Polygon", "coordinates": [ [ [ 11.576273568777026, 48.12578676282822 ], [ 11.576298791673139, 48.126032287276352 ], [ 11.575627651964512, 48.126063006425717 ], [ 11.575602429068397, 48.125817482124425 ], [ 11.576273568777026, 48.12578676282822 ] ] ] } },
{ "type": "Feature", "properties": { "building_id": 113, "floors": 2, "damage_level": 0.139, "building_type": "industrial", "zoning_category": "industrial" }, "geometry": { "type": "Polygon", "coordinates": [ [ [ 11.577271726791526, 48.125863599790527 ], [ 11.577363940905204, 48.126197367359438 ], [ 11.576741040945905, 48.126274044338402 ], [ 11.576648826832226, 48.125940277267766 ], [ 11.577271726791526, 48.125863599790527 ] ] ] } },
{ "type": "Feature", "properties": { "building_id": 114, "floors": 1, "damage_level": 0.081, "building_type": "residential", "zoning_category": "residential" }, "geometry": { "type": "Polygon", "coordinates": [ [ [ 11.577623333737508, 48.12579885715602 ], [ 11.57770214152943, 48.125986993133516 ], [ 11.57758495644841, 48.126008864012299 ], [ 11.577506148656488, 48.125820728114924 ], [ 11.577623333737508, 48.12579885715602 ] ] ] } },
{ "type": "Feature", "properties": { "building_id": 115, "floors": 7, "damage_level": 0.35, "building_type": "residential", "zoning_category": "mixed_use" }, "geometry": { "type": "Polygon", "coordinates": [ [ [ 11.578723263248857, 48.125927948758672 ], [ 11.578729750802646, 48.126118196191115 ], [ 11.578582899778626, 48.126120427366054 ], [ 11.578576412224839, 48.125930179941868 ], [ 11.578723263248857, 48.125927948758672 ] ] ] } },
{ "type": "Feature", "properties": { "building_id": 116, "floors": 1, "damage_level": 0.059, "building_type": "public", "zoning_category": "public" }, "geometry": { "type": "Polygon", "coordinates": [ [ [ 11.560920865571646, 48.126198542537125 ], [ 11.561116005651659, 48.126596533120669 ], [ 11.56083698747423, 48.126657485855617 ], [ 11.560641847394219, 48.126259495744378 ], [ 11.560920865571646, 48.126198542537125 ] ] ] } },
{ "type": "Feature", "properties": { "building_id": 117, "floors": 1, "damage_level": 0.378, "building_type": "industrial", "zoning_category": "industrial" }, "geometry": { "type": "Polygon", "coordinates": [ [ [ 11.562084522162289, 48.126465313727344 ], [ 11.562059392729221, 48.126711930581486 ], [ 11.561265937260822, 48.126675908622197 ], [ 11.561291066693892, 48.126429291595095 ], [ 11.562084522162289, 48.126465313727344 ] ] ] } },
{ "type": "Feature", "properties": { "building_id": 118, "floors": 1, "damage_level": 0.119, "building_type": "cultural", "zoning_category": "historical" }, "geometry": { "type": "Polygon", "coordinates": [ [ [ 11.562523354741993, 48.126418402407928 ], [ 11.562517535183632, 48.12656885457853 ], [ 11.562126411854337, 48.126562114080031 ], [ 11.562132231412699, 48.126411661889676 ], [ 11.562523354741993, 48.126418402407928 ] ] ] } },
{ "type": "Feature", "properties": { "building_id": 119, "floors": 1, "damage_level": 0.96, "building_type": "residential", "zoning_category": "residential" }, "geometry": { "type": "Polygon", "coordinates": [ [ [ 11.563286571777258, 48.126340672962577 ], [ 11.563319737636924, 48.126525286547505 ], [ 11.563240467465361, 48.12653163145 ], [ 11.563207301605697, 48.126347017887873 ], [ 11.563286571777258, 48.126340672962577 ] ] ] } },
{ "type": "Feature", "properties": { "building_id": 120, "floors": 1, "damage_level": 0.323, "building_type": "residential", "zoning_category": "residential" }, "geometry": { "type": "Polygon", "coordinates": [ [ [ 11.563938171174982, 48.126357065256592 ], [ 11.563975466764482, 48.126482875642957 ], [ 11.563777468616319, 48.126509026747961 ], [ 11.563740173026819, 48.126383216425658 ], [ 11.563938171174982, 48.126357065256592 ] ] ] } },
{ "type": "Feature", "properties": { "building_id": 121, "floors": 4, "damage_level": 0.783, "building_type": "residential", "zoning_category": "residential" }, "geometry": { "type": "Polygon", "coordinates": [ [ [ 11.564991580036162, 48.126423403129678 ], [ 11.564985149393294, 48.126563800998944 ], [ 11.564750526770665, 48.126559013038872 ], [ 11.564756957413532, 48.126418615156517 ], [ 11.564991580036162, 48.126423403129678 ] ] ] } },
{ "type": "Feature", "properties": { "building_id": 122, "floors": 5, "damage_level": 0.486, "building_type": "residential", "zoning_category": "residential" }, "geometry": { "type": "Polygon", "coordinates": [ [ [ 11.565690485094722, 48.126510563275055 ], [ 11.565656998074807, 48.126671670130904 ], [ 11.565431472363199, 48.126650784690774 ], [ 11.565464959383114, 48.126489677769413 ], [ 11.565690485094722, 48.126510563275055 ] ] ] } },
{ "type": "Feature", "properties": { "building_id": 123, "floors": 1, "damage_level": 0.277, "building_type": "public", "zoning_category": "mixed_use" }, "geometry": { "type": "Polygon", "coordinates": [ [ [ 11.566724738451928, 48.126228098483871 ], [ 11.566579986091321, 48.126653448641861 ], [ 11.566180523122597, 48.126592880776698 ], [ 11.566325275483205, 48.126167530117115 ], [ 11.566724738451928, 48.126228098483871 ] ] ] } },
{ "type": "Feature", "properties": { "building_id": 124, "floors": 1, "damage_level": 0.335, "building_type": "industrial", "zoning_category": "industrial" }, "geometry": { "type": "Polygon", "coordinates": [ [ [ 11.567223700355358, 48.126367683792957 ], [ 11.567266574979667, 48.12660270558861 ], [ 11.566758392211653, 48.126644010189409 ], [ 11.566715517587342, 48.126408988582767 ], [ 11.567223700355358, 48.126367683792957 ] ] ] } },
{ "type": "Feature", "properties": { "building_id": 125, "floors": 1, "damage_level": 0.698, "building_type": "industrial", "zoning_category": "industrial" }, "geometry": { "type": "Polygon", "coordinates": [ [ [ 11.568130674772469, 48.126229606680241 ], [ 11.568150321537157, 48.126506623361962 ], [ 11.567738293296252, 48.126519643042677 ], [ 11.567718646531565, 48.126242626431178 ], [ 11.568130674772469, 48.126229606680241 ] ] ] } },
{ "type": "Feature", "properties": { "building_id": 126, "floors": 3, "damage_level": 0.777, "building_type": "industrial", "zoning_category": "industrial" }, "geometry": { "type": "Polygon", "coordinates": [ [ [ 11.568803760627938, 48.126277201921312 ], [ 11.568975469088658, 48.12676035905379 ], [ 11.568540458142566, 48.126829238248142 ], [ 11.568368749681845, 48.126346081763629 ], [ 11.568803760627938, 48.126277201921312 ] ] ] } },
{ "type": "Feature", "properties": { "building_id": 127, "floors": 7, "damage_level": 0.24, "building_type": "residential", "zoning_category": "mixed_use" }, "geometry": { "type": "Polygon", "coordinates": [ [ [ 11.569725459362699, 48.126298332715166 ], [ 11.56967205288154, 48.126500791841082 ], [ 11.569447065697663, 48.126474349337862 ], [ 11.56950047217882, 48.126271890107716 ], [ 11.569725459362699, 48.126298332715166 ] ] ] } },
{ "type": "Feature", "properties": { "building_id": 128, "floors": 1, "damage_level": 0.583, "building_type": "residential", "zoning_category": "residential" }, "geometry": { "type": "Polygon", "coordinates": [ [ [ 11.570324112120936, 48.126317346984031 ], [ 11.570355507773623, 48.126403689813536 ], [ 11.570142714963401, 48.126438163621884 ], [ 11.570111319310714, 48.126351820850338 ], [ 11.570324112120936, 48.126317346984031 ] ] ] } },
{ "type": "Feature", "properties": { "building_id": 129, "floors": 1, "damage_level": 0.382, "building_type": "residential", "zoning_category": "residential" }, "geometry": { "type": "Polygon", "coordinates": [ [ [ 11.571175132371945, 48.126544046278809 ], [ 11.571159370733255, 48.126627093304137 ], [ 11.570964434453941, 48.126610609575515 ], [ 11.570980196092631, 48.126527562523535 ], [ 11.571175132371945, 48.126544046278809 ] ] ] } },
{ "type": "Feature", "properties": { "building_id": 130, "floors": 7, "damage_level": 0.128, "building_type": "residential", "zoning_category": "residential" }, "geometry": { "type": "Polygon", "coordinates": [ [ [ 11.572324183944151, 48.126331008326339 ], [ 11.572273654132003, 48.126514710366877 ], [ 11.572042248937606, 48.126486351120889 ], [ 11.572092778749758, 48.126302648978921 ], [ 11.572324183944151, 48.126331008326339 ] ] ] } },
{ "type": "Feature", "properties": { "building_id": 131, "floors": 2, "damage_level": 0.463, "building_type": "industrial", "zoning_category": "industrial" }, "geometry": { "type": "Polygon", "coordinates": [ [ [ 11.573016481037298, 48.126283135178433 ], [ 11.572981031373059, 48.12682292447829 ], [ 11.572514081623812, 48.126809261602972 ], [ 11.572549531288052, 48.126269472159528 ], [ 11.573016481037298, 48.126283135178433 ] ] ] } },
{ "type": "Feature", "properties": { "building_id": 132, "floors": 5, "damage_level": 0.058, "building_type": "residential", "zoning_category": "mixed_use" }, "geometry": { "type": "Polygon", "coordinates": [ [ [ 11.573632690778544, 48.126335474970276 ], [ 11.573608334388371, 48.126519494699842 ], [ 11.573398779213678, 48.126507137085149 ], [ 11.57342313560385, 48.126323117311308 ], [ 11.573632690778544, 48.126335474970276 ] ] ] } },
{ "type": "Feature", "properties": { "building_id": 133, "floors": 1, "damage_level": 0.1, "building_type": "industrial", "zoning_category": "industrial" }, "geometry": { "type": "Polygon", "coordinates": [ [ [ 11.574955678588076, 48.126449278521811 ], [ 11.574916455671497, 48.126650238622354 ], [ 11.574240085967892, 48.126591422014492 ], [ 11.574279308884472, 48.126390461683805 ], [ 11.574955678588076, 48.126449278521811 ] ] ] } },
{ "type": "Feature", "properties": { "building_id": 134, "floors": 10, "damage_level": 0.504, "building_type": "commercial", "zoning_category": "commercial" }, "geometry": { "type": "Polygon", "coordinates": [ [ [ 11.57538636186465, 48.126253630987449 ], [ 11.575465116939188, 48.126464207986565 ], [ 11.575117886361843, 48.126522067403549 ], [ 11.575039131287305, 48.126311490641648 ], [ 11.57538636186465, 48.126253630987449 ] ] ] } },
{ "type": "Feature", "properties": { "building_id": 135, "floors": 5, "damage_level": 0.331, "building_type": "commercial", "zoning_category": "commercial" }, "geometry": { "type": "Polygon", "coordinates": [ [ [ 11.576135588600414, 48.126410863684484 ], [ 11.576289184477465, 48.126718786519689 ], [ 11.575916600977079, 48.126801589459632 ], [ 11.575763005100026, 48.126493667120855 ], [ 11.576135588600414, 48.126410863684484 ] ] ] } },
{ "type": "Feature", "properties": { "building_id": 136, "floors": 3, "damage_level": 0.861, "building_type": "residential", "zoning_category": "mixed_use" }, "geometry": { "type": "Polygon", "coordinates": [ [ [ 11.576868978198171, 48.126578966525727 ], [ 11.57684546296662, 48.12665947447195 ], [ 11.576689865724967, 48.126639225761991 ], [ 11.576713380956519, 48.126558717784022 ], [ 11.576868978198171, 48.126578966525727 ] ] ] } },
{ "type": "Feature", "properties": { "building_id": 137, "floors": 2, "damage_level": 0.54, "building_type": "residential", "zoning_category": "residential" }, "geometry": { "type": "Polygon", "coordinates": [ [ [ 11.577739806016334, 48.126529421538272 ], [ 11.577731880888146, 48.126641526100187 ], [ 11.577645993579702, 48.126638820913023 ], [ 11.57765391870789, 48.12652671634519 ], [ 11.577739806016334, 48.126529421538272 ] ] ] } },
{ "type": "Feature", "properties": { "building_id": 138, "floors": 4, "damage_level": 0.39, "building_type": "residential", "zoning_category": "residential" }, "geometry": { "type": "Polygon", "coordinates": [ [ [ 11.578440030937665, 48.12631896267883 ], [ 11.578416511304011, 48.1265113874991 ], [ 11.578322640237369, 48.12650627551983 ], [ 11.578346159871025, 48.126313850680411 ], [ 11.578440030937665, 48.12631896267883 ] ] ] } },
{ "type": "Feature", "properties": { "building_id": 139, "floors": 2, "damage_level": 0.545, "building_type": "commercial", "zoning_category": "mixed_use" }, "geometry": { "type": "Polygon", "coordinates": [ [ [ 11.56105473372881, 48.127013595874104 ], [ 11.560927058285186, 48.127314906835153 ], [ 11.560662898643807, 48.127265037469982 ], [ 11.560790574087431, 48.126963726216367 ], [ 11.56105473372881, 48.127013595874104 ] ] ] } },
{ "type": "Feature", "properties": { "building_id": 140, "floors": 4, "damage_level": 0.485, "building_type": "residential", "zoning_category": "mixed_use" }, "geometry": { "type": "Polygon", "coordinates": [ [ [ 11.561581675835351, 48.126989522920461 ], [ 11.561555736853917, 48.127153927644855 ], [ 11.561405898723761, 48.12714339498946 ], [ 11.561431837705197, 48.126978990231351 ], [ 11.561581675835351, 48.126989522920461 ] ] ] } },
{ "type": "Feature", "properties": { "building_id": 141, "floors": 1, "damage_level": 0.213, "building_type": "industrial", "zoning_category": "industrial" }, "geometry": { "type": "Polygon", "coordinates": [ [ [ 11.562673954957154, 48.126780654588217 ], [ 11.562794877679721, 48.127115998193482 ], [ 11.561841976685262, 48.127269086932564 ], [ 11.561721053962692, 48.12693374432687 ], [ 11.562673954957154, 48.126780654588217 ] ] ] } },
{ "type": "Feature", "properties": { "building_id": 142, "floors": 1, "damage_level": 0.166, "building_type": "residential", "zoning_category": "mixed_use" }, "geometry": { "type": "Polygon", "coordinates": [ [ [ 11.563080513257432, 48.126955800081092 ], [ 11.563156740150811, 48.127105482653342 ], [ 11.563054755427565, 48.127128621921813 ], [ 11.562978528534188, 48.126978939417 ], [ 11.563080513257432, 48.126955800081092 ] ] ] } },
{ "type": "Feature", "properties": { "building_id": 143, "floors": 1, "damage_level": 0.267, "building_type": "industrial", "zoning_category": "industrial" }, "geometry": { "type": "Polygon", "coordinates": [ [ [ 11.56444641310723, 48.127013780739823 ], [ 11.564293602075685, 48.127301719385684 ], [ 11.563690990413422, 48.127159234837904 ], [ 11.563843801444968, 48.126871295393222 ], [ 11.56444641310723, 48.127013780739823 ] ] ] } },
{ "type": "Feature", "properties": { "building_id": 144, "floors": 6, "damage_level": 0.893, "building_type": "commercial", "zoning_category": "mixed_use" }, "geometry": { "type": "Polygon", "coordinates": [ [ [ 11.564974563976731, 48.126901918277156 ], [ 11.564932742677762, 48.127158864032587 ], [ 11.564571687456679, 48.127132681781752 ], [ 11.564613508755647, 48.126875735895318 ], [ 11.564974563976731, 48.126901918277156 ] ] ] } },
{ "type": "Feature", "properties": { "building_id": 145, "floors": 4, "damage_level": 0.109, "building_type": "residential", "zoning_category": "residential" }, "geometry": { "type": "Polygon", "coordinates": [ [ [ 11.56561501244826, 48.126990071432026 ], [ 11.565585779338161, 48.127056535124488 ], [ 11.565390444812717, 48.127018257249041 ], [ 11.565419677922817, 48.126951793507054 ], [ 11.56561501244826, 48.126990071432026 ] ] ] } },
{ "type": "Feature", "properties": { "building_id": 146, "floors": 3, "damage_level": 0.499, "building_type": "public", "zoning_category": "public" }, "geometry": { "type": "Polygon", "coordinates": [ [ [ 11.566736143656135, 48.126886749501104 ], [ 11.56672109435576, 48.127041384268509 ], [ 11.566326271676767, 48.127024264808888 ], [ 11.566341320977143, 48.126869629989947 ], [ 11.566736143656135, 48.126886749501104 ] ] ] } },
{ "type": "Feature", "properties": { "building_id": 147, "floors": 3, "damage_level": 0.292, "building_type": "residential", "zoning_category": "mixed_use" }, "geometry": { "type": "Polygon", "coordinates": [ [ [ 11.567104852782512, 48.127000253472232 ], [ 11.567060988513537, 48.127151740527374 ], [ 11.566944894708756, 48.127136763648259 ], [ 11.566988758977732, 48.126985276548929 ], [ 11.567104852782512, 48.127000253472232 ] ] ] } },
{ "type": "Feature", "properties": { "building_id": 148, "floors": 4, "damage_level": 0.197, "building_type": "residential", "zoning_category": "mixed_use" }, "geometry": { "type": "Polygon", "coordinates": [ [ [ 11.568003726295169, 48.126899511386149 ], [ 11.56804796424295, 48.127016464809152 ], [ 11.567920645677287, 48.127037921002113 ], [ 11.567876407729504, 48.126920967627989 ], [ 11.568003726295169, 48.126899511386149 ] ] ] } },
{ "type": "Feature", "properties": { "building_id": 149, "floors": 4, "damage_level": 0.801, "building_type": "residential", "zoning_category": "mixed_use" }, "geometry": { "type": "Polygon", "coordinates": [ [ [ 11.568985464817034, 48.126888623455216 ], [ 11.568989900762, 48.127055785440952 ], [ 11.568911459342937, 48.12705671285272 ], [ 11.568907023397971, 48.126889550869997 ], [ 11.568985464817034, 48.126888623455216 ] ] ] } },
{ "type": "Feature", "properties": { "building_id": 150, "floors": 2, "damage_level": 0.21, "building_type": "residential", "zoning_category": "residential" }, "geometry": { "type": "Polygon", "coordinates": [ [ [ 11.569635712575378, 48.12701346202693 ], [ 11.569693781063684, 48.127217521971275 ], [ 11.569617143773, 48.127227238224215 ], [ 11.569559075284692, 48.127023178318474 ], [ 11.569635712575378, 48.12701346202693 ] ] ] } },
{ "type": "Feature", "properties": { "building_id": 151, "floors": 2, "damage_level": 0.851, "building_type": "residential", "zoning_category": "residential" }, "geometry": { "type": "Polygon", "coordinates": [ [ [ 11.570395814027838, 48.126947616491186 ], [ 11.570368505967656, 48.126999189274024 ], [ 11.57021482561553, 48.126962934284307 ], [ 11.570242133675714, 48.126911361465055 ], [ 11.570395814027838, 48.126947616491186 ] ] ] } },
{ "type": "Feature", "properties": { "building_id": 152, "floors": 2, "damage_level": 0.083, "building_type": "public", "zoning_category": "public" }, "geometry": { "type": "Polygon", "coordinates": [ [ [ 11.571532856004852, 48.126913910935635 ], [ 11.57152248212401, 48.127221454829559 ], [ 11.571217290808187, 48.127216868316211 ], [ 11.571227664689028, 48.126909324394823 ], [ 11.571532856004852, 48.126913910935635 ] ] ] } },
{ "type": "Feature", "properties": { "building_id": 153, "floors": 2, "damage_level": 0.291, "building_type": "industrial", "zoning_category": "industrial" }, "geometry": { "type": "Polygon", "coordinates": [ [ [ 11.572064259116859, 48.126988787238631 ], [ 11.572147820648944, 48.12721666428088 ], [ 11.571721990586225, 48.127286233625682 ], [ 11.57163842905414, 48.1270583568921 ], [ 11.572064259116859, 48.126988787238631 ] ] ] } },
{ "type": "Feature", "properties": { "building_id": 154, "floors": 3, "damage_level": 0.309, "building_type": "cultural", "zoning_category": "historical" }, "geometry": { "type": "Polygon", "coordinates": [ [ [ 11.572953543340665, 48.12699215459125 ], [ 11.57286803168023, 48.127208854355999 ], [ 11.572529993438284, 48.127149423889563 ], [ 11.572615505098717, 48.12693272387407 ], [ 11.572953543340665, 48.12699215459125 ] ] ] } },
{ "type": "Feature", "properties": { "building_id": 155, "floors": 4, "damage_level": 0.201, "building_type": "residential", "zoning_category": "mixed_use" }, "geometry": { "type": "Polygon", "coordinates": [ [ [ 11.573803545880848, 48.12698905771331 ], [ 11.573828198844467, 48.127144134610106 ], [ 11.573609011742283, 48.127159658978862 ], [ 11.573584358778664, 48.127004582128919 ], [ 11.573803545880848, 48.12698905771331 ] ] ] } },
{ "type": "Feature", "properties": { "building_id": 156, "floors": 3, "damage_level": 0.132, "building_type": "cultural", "zoning_category": "historical" }, "geometry": { "type": "Polygon", "coordinates": [ [ [ 11.57461259498165, 48.127035847924404 ], [ 11.574517532906556, 48.127270350347494 ], [ 11.574150011794025, 48.127203973332591 ], [ 11.574245073869118, 48.126969470606433 ], [ 11.57461259498165, 48.127035847924404 ] ] ] } },
{ "type": "Feature", "properties": { "building_id": 157, "floors": 1, "damage_level": 0.131, "building_type": "industrial", "zoning_category": "industrial" }, "geometry": { "type": "Polygon", "coordinates": [ [ [ 11.575701151970481, 48.126842916587613 ], [ 11.575677066800134, 48.127360353736968 ], [ 11.57503037102556, 48.127346942554865 ], [ 11.575054456195909, 48.126829505270386 ], [ 11.575701151970481, 48.126842916587613 ] ] ] } },
{ "type": "Feature", "properties": { "building_id": 158, "floors": 4, "damage_level": 0.197, "building_type": "commercial", "zoning_category": "mixed_use" }, "geometry": { "type": "Polygon", "coordinates": [ [ [ 11.576180015981491, 48.126873690786027 ], [ 11.576195018951619, 48.127131642483 ], [ 11.575851272638731, 48.127140549955683 ], [ 11.575836269668603, 48.126882598303446 ], [ 11.576180015981491, 48.126873690786027 ] ] ] } },
{ "type": "Feature", "properties": { "building_id": 159, "floors": 3, "damage_level": 0.803, "building_type": "industrial", "zoning_category": "industrial" }, "geometry": { "type": "Polygon", "coordinates": [ [ [ 11.577161862898631, 48.126930861840926 ], [ 11.577020263998669, 48.127313157719747 ], [ 11.576344087767307, 48.127201575312853 ], [ 11.576485686667271, 48.12681927860347 ], [ 11.577161862898631, 48.126930861840926 ] ] ] } },
{ "type": "Feature", "properties": { "building_id": 160, "floors": 5, "damage_level": 0.587, "building_type": "residential", "zoning_category": "residential" }, "geometry": { "type": "Polygon", "coordinates": [ [ [ 11.577645712578041, 48.126888518168442 ], [ 11.577598172679712, 48.127031422793024 ], [ 11.577434427075719, 48.127007153308085 ], [ 11.577481966974048, 48.126864248615973 ], [ 11.577645712578041, 48.126888518168442 ] ] ] } },
{ "type": "Feature", "properties": { "building_id": 161, "floors": 4, "damage_level": 0.17, "building_type": "residential", "zoning_category": "residential" }, "geometry": { "type": "Polygon", "coordinates": [ [ [ 11.578345468730511, 48.126855787074277 ], [ 11.578370841978819, 48.127057600725202 ], [ 11.578286466911853, 48.127062326992608 ], [ 11.578261093663546, 48.126860513360256 ], [ 11.578345468730511, 48.126855787074277 ] ] ] } },
{ "type": "Feature", "properties": { "building_id": 162, "floors": 6, "damage_level": 0.203, "building_type": "commercial", "zoning_category": "commercial" }, "geometry": { "type": "Polygon", "coordinates": [ [ [ 11.560724621418533, 48.127401356739433 ], [ 11.560717031900555, 48.127586601944842 ], [ 11.560460745858844, 48.127581923927536 ], [ 11.56046833537682, 48.127396678705267 ], [ 11.560724621418533, 48.127401356739433 ] ] ] } },
{ "type": "Feature", "properties": { "building_id": 163, "floors": 6, "damage_level": 0.124, "building_type": "residential", "zoning_category": "residential" }, "geometry": { "type": "Polygon", "coordinates": [ [ [ 11.56168021893731, 48.127495407948885 ], [ 11.561659078660004, 48.127561843041924 ], [ 11.561496959356296, 48.127538859470874 ], [ 11.561518099633602, 48.127472424348113 ], [ 11.56168021893731, 48.127495407948885 ] ] ] } },
{ "type": "Feature", "properties": { "building_id": 164, "floors": 3, "damage_level": 0.585, "building_type": "public", "zoning_category": "mixed_use" }, "geometry": { "type": "Polygon", "coordinates": [ [ [ 11.562527352406651, 48.127257775071818 ], [ 11.562719798780947, 48.127647013623445 ], [ 11.562322314014478, 48.127734569132464 ], [ 11.562129867640182, 48.127345331244392 ], [ 11.562527352406651, 48.127257775071818 ] ] ] } },
{ "type": "Feature", "properties": { "building_id": 165, "floors": 2, "damage_level": 0.792, "building_type": "public", "zoning_category": "public" }, "geometry": { "type": "Polygon", "coordinates": [ [ [ 11.563423336943329, 48.127454261700393 ], [ 11.563474594447365, 48.127805141589562 ], [ 11.562905462770514, 48.127842182206834 ], [ 11.562854205266476, 48.127491302570725 ], [ 11.563423336943329, 48.127454261700393 ] ] ] } },
{ "type": "Feature", "properties": { "building_id": 166, "floors": 4, "damage_level": 0.436, "building_type": "residential", "zoning_category": "mixed_use" }, "geometry": { "type": "Polygon", "coordinates": [ [ [ 11.564037872560112, 48.127436659296762 ], [ 11.564086533131302, 48.127548611411626 ], [ 11.56387557345211, 48.127589463489265 ], [ 11.563826912880918, 48.127477511463454 ], [ 11.564037872560112, 48.127436659296762 ] ] ] } },
{ "type": "Feature", "properties": { "building_id": 167, "floors": 1, "damage_level": 0.482, "building_type": "industrial", "zoning_category": "industrial" }, "geometry": { "type": "Polygon", "coordinates": [ [ [ 11.565175426740788, 48.127269099859816 ], [ 11.565296416702111, 48.127502915911883 ], [ 11.564376525799979, 48.127714987112107 ], [ 11.564255535838656, 48.127481172025512 ], [ 11.565175426740788, 48.127269099859816 ] ] ] } },
{ "type": "Feature", "properties": { "building_id": 168, "floors": 2, "damage_level": 0.433, "building_type": "residential", "zoning_category": "residential" }, "geometry": { "type": "Polygon", "coordinates": [ [ [ 11.565614804747865, 48.127473859808141 ], [ 11.565607611524509, 48.127544617604727 ], [ 11.565525433139014, 48.127540895601683 ], [ 11.565532626362367, 48.127470137799968 ], [ 11.565614804747865, 48.127473859808141 ] ] ] } },
{ "type": "Feature", "properties": { "building_id": 169, "floors": 5, "damage_level": 0.07, "building_type": "residential", "zoning_category": "mixed_use" }, "geometry": { "type": "Polygon", "coordinates": [ [ [ 11.566392395763224, 48.127594886228223 ], [ 11.566387083773527, 48.127659611893506 ], [ 11.566292292955433, 48.127656146002707 ], [ 11.566297604945131, 48.127591420333061 ], [ 11.566392395763224, 48.127594886228223 ] ] ] } },
{ "type": "Feature", "properties": { "building_id": 170, "floors": 4, "damage_level": 0.767, "building_type": "residential", "zoning_category": "mixed_use" }, "geometry": { "type": "Polygon", "coordinates": [ [ [ 11.567087145218716, 48.127612610295948 ], [ 11.567093383187956, 48.127716114498021 ], [ 11.566955700869544, 48.127719811336689 ], [ 11.566949462900306, 48.127616307142077 ], [ 11.567087145218716, 48.127612610295948 ] ] ] } },
{ "type": "Feature", "properties": { "building_id": 171, "floors": 3, "damage_level": 0.598, "building_type": "residential", "zoning_category": "mixed_use" }, "geometry": { "type": "Polygon", "coordinates": [ [ [ 11.567906318792129, 48.127531286902354 ], [ 11.567929714959853, 48.127664625605327 ], [ 11.567742192819887, 48.1276792847652 ], [ 11.567718796652164, 48.127545946100277 ], [ 11.567906318792129, 48.127531286902354 ] ] ] } },
{ "type": "Feature", "properties": { "building_id": 172, "floors": 1, "damage_level": 0.223, "building_type": "industrial", "zoning_category": "industrial" }, "geometry": { "type": "Polygon", "coordinates": [ [ [ 11.569204928966077, 48.127571719570383 ], [ 11.569121667894269, 48.127739712150294 ], [ 11.568485925861053, 48.127599333718287 ], [ 11.56856918693286, 48.127431340679195 ], [ 11.569204928966077, 48.127571719570383 ] ] ] } },
{ "type": "Feature", "properties": { "building_id": 173, "floors": 2, "damage_level": 0.415, "building_type": "residential", "zoning_category": "residential" }, "geometry": { "type": "Polygon", "coordinates": [ [ [ 11.569603812031636, 48.127581675473593 ], [ 11.569580020497151, 48.127627150852113 ], [ 11.569372779541903, 48.127578846053488 ], [ 11.569396571076387, 48.127533370632193 ], [ 11.569603812031636, 48.127581675473593 ] ] ] } },
{ "type": "Feature", "properties": { "building_id": 174, "floors": 6, "damage_level": 0.327, "building_type": "residential", "zoning_category": "mixed_use" }, "geometry": { "type": "Polygon", "coordinates": [ [ [ 11.570388314063678, 48.127618871640429 ], [ 11.570385346488759, 48.127754240121014 ], [ 11.570146958957578, 48.127751911846048 ], [ 11.570149926532496, 48.127616543359323 ], [ 11.570388314063678, 48.127618871640429 ] ] ] } },
{ "type": "Feature", "properties": { "building_id": 175, "floors": 1, "damage_level": 0.14, "building_type": "industrial", "zoning_category": "industrial" }, "geometry": { "type": "Polygon", "coordinates": [ [ [ 11.571707827463344, 48.127208593895752 ], [ 11.571804020276335, 48.12767280013491 ], [ 11.570901074460036, 48.127756161024983 ], [ 11.570804881647044, 48.127291955539285 ], [ 11.571707827463344, 48.127208593895752 ] ] ] } },
{ "type": "Feature", "properties": { "building_id": 176, "floors": 8, "damage_level": 0.247, "building_type": "commercial", "zoning_category": "commercial" }, "geometry": { "type": "Polygon", "coordinates": [ [ [ 11.572118108914887, 48.127627794359732 ], [ 11.572049245320416, 48.127800136671624 ], [ 11.571627968405172, 48.12772514177373 ], [ 11.571696831999642, 48.127552799210171 ], [ 11.572118108914887, 48.127627794359732 ] ] ] } },
{ "type": "Feature", "properties": { "building_id": 177, "floors": 5, "damage_level": 0.817, "building_type": "residential", "zoning_category": "mixed_use" }, "geometry": { "type": "Polygon", "coordinates": [ [ [ 11.572971442946629, 48.127547706264842 ], [ 11.572979774804516, 48.127614281430027 ], [ 11.572741545731756, 48.127627564332002 ], [ 11.572733213873871, 48.127560989184026 ], [ 11.572971442946629, 48.127547706264842 ] ] ] } },
{ "type": "Feature", "properties": { "building_id": 178, "floors": 2, "damage_level": 0.936, "building_type": "residential", "zoning_category": "residential" }, "geometry": { "type": "Polygon", "coordinates": [ [ [ 11.5738043823883, 48.127607563657861 ], [ 11.573819227944897, 48.12765827916057 ], [ 11.573691825383252, 48.127674894212056 ], [ 11.573676979826654, 48.127624178725753 ], [ 11.5738043823883, 48.127607563657861 ] ] ] } },
{ "type": "Feature", "properties": { "building_id": 179, "floors": 4, "damage_level": 0.176, "building_type": "residential", "zoning_category": "residential" }, "geometry": { "type": "Polygon", "coordinates": [ [ [ 11.574736415553852, 48.127541944966275 ], [ 11.574701489647907, 48.127666603774983 ], [ 11.574467888669396, 48.127637445118367 ], [ 11.574502814575343, 48.127512786238874 ], [ 11.574736415553852, 48.127541944966275 ] ] ] } },
{ "type": "Feature", "properties": { "building_id": 180, "floors": 2, "damage_level": 0.631, "building_type": "residential", "zoning_category": "mixed_use" }, "geometry": { "type": "Polygon", "coordinates": [ [ [ 11.575266128937027, 48.127409453171055 ], [ 11.575322384559035, 48.127533811446369 ], [ 11.575171333846372, 48.12756425421577 ], [ 11.575115078224366, 48.127439896014167 ], [ 11.575266128937027, 48.127409453171055 ] ] ] } },
{ "type": "Feature", "properties": { "building_id": 181, "floors": 2, "damage_level": 0.346, "building_type": "public", "zoning_category": "public" }, "geometry": { "type": "Polygon", "coordinates": [ [ [ 11.576234932818268, 48.127508177077175 ], [ 11.576191147316488, 48.127857420672022 ], [ 11.575960085775252, 48.127844514562476 ], [ 11.576003871277033, 48.127495270879869 ], [ 11.576234932818268, 48.127508177077175 ] ] ] } },
{ "type": "Feature", "properties": { "building_id": 182, "floors": 4, "damage_level": 0.093, "building_type": "residential", "zoning_category": "mixed_use" }, "geometry": { "type": "Polygon", "coordinates": [ [ [ 11.576775200612241, 48.127547338531819 ], [ 11.576811128583255, 48.127715715457001 ], [ 11.576653786167308, 48.127730673102825 ], [ 11.576617858196293, 48.127562296226678 ], [ 11.576775200612241, 48.127547338531819 ] ] ] } },
{ "type": "Feature", "properties": { "building_id": 183, "floors": 3, "damage_level": 0.754, "building_type": "residential", "zoning_category": "residential" }, "geometry": { "type": "Polygon", "coordinates": [ [ [ 11.577634799054145, 48.127634426816293 ], [ 11.577605240812074, 48.127689024124706 ], [ 11.577420699072947, 48.127644512903139 ], [ 11.57745025731502, 48.127589915547411 ], [ 11.577634799054145, 48.127634426816293 ] ] ] } },
{ "type": "Feature", "properties": { "building_id": 184, "floors": 3, "damage_level": 0.181, "building_type": "residential", "zoning_category": "residential" }, "geometry": { "type": "Polygon", "coordinates": [ [ [ 11.57853404709266, 48.127521028576467 ], [ 11.578505706362318, 48.12769621239709 ], [ 11.578304875510247, 48.127681737507103 ], [ 11.578333216240591, 48.127506553637097 ], [ 11.57853404709266, 48.127521028576467 ] ] ] } },
{ "type": "Feature", "properties": { "building_id": 185, "floors": 3, "damage_level": 0.24, "building_type": "residential", "zoning_category": "residential" }, "geometry": { "type": "Polygon", "coordinates": [ [ [ 11.560702240314848, 48.127971242787353 ], [ 11.560759160927431, 48.128080145221439 ], [ 11.560689435145438, 48.128096381491481 ], [ 11.560632514532854, 48.127987479091821 ], [ 11.560702240314848, 48.127971242787353 ] ] ] } },
{ "type": "Feature", "properties": { "building_id": 186, "floors": 2, "damage_level": 0.143, "building_type": "residential", "zoning_category": "residential" }, "geometry": { "type": "Polygon", "coordinates": [ [ [ 11.56145272550401, 48.128026137066541 ], [ 11.561519917063713, 48.128169113688713 ], [ 11.561308323707891, 48.128213414443998 ], [ 11.56124113214819, 48.128070437945155 ], [ 11.56145272550401, 48.128026137066541 ] ] ] } },
{ "type": "Feature", "properties": { "building_id": 187, "floors": 2, "damage_level": 0.443, "building_type": "residential", "zoning_category": "mixed_use" }, "geometry": { "type": "Polygon", "coordinates": [ [ [ 11.562268060929494, 48.128079669173111 ], [ 11.562291293656449, 48.128205728382611 ], [ 11.562202476109901, 48.128213020997187 ], [ 11.562179243382944, 48.128086961805593 ], [ 11.562268060929494, 48.128079669173111 ] ] ] } },
{ "type": "Feature", "properties": { "building_id": 188, "floors": 1, "damage_level": 0.971, "building_type": "residential", "zoning_category": "residential" }, "geometry": { "type": "Polygon", "coordinates": [ [ [ 11.563210134076902, 48.128060440933261 ], [ 11.563198618110993, 48.128129537386556 ], [ 11.562956448915756, 48.128111555984638 ], [ 11.562967964881668, 48.128042459507157 ], [ 11.563210134076902, 48.128060440933261 ] ] ] } },
{ "type": "Feature", "properties": { "building_id": 189, "floors": 3, "damage_level": 0.759, "building_type": "public", "zoning_category": "mixed_use" }, "geometry": { "type": "Polygon", "coordinates": [ [ [ 11.564118615044668, 48.127939469407004 ], [ 11.564071054403755, 48.128223641180185 ], [ 11.56344971965231, 48.128177312291989 ], [ 11.563497280293223, 48.127893140262458 ], [ 11.564118615044668, 48.127939469407004 ] ] ] } },
{ "type": "Feature", "properties": { "building_id": 190, "floors": 3, "damage_level": 0.237, "building_type": "residential", "zoning_category": "residential" }, "geometry": { "type": "Polygon", "coordinates": [ [ [ 11.564780613448722, 48.127899117443533 ], [ 11.564877341439376, 48.128096802519735 ], [ 11.564790976351532, 48.128115629361709 ], [ 11.564694248360878, 48.127917944357975 ], [ 11.564780613448722, 48.127899117443533 ] ] ] } },
{ "type": "Feature", "properties": { "building_id": 191, "floors": 3, "damage_level": 0.244, "building_type": "residential", "zoning_category": "residential" }, "geometry": { "type": "Polygon", "coordinates": [ [ [ 11.565713365632377, 48.128089416164968 ], [ 11.565748862942174, 48.128255093982659 ], [ 11.565507604295714, 48.128278122825101 ], [ 11.56547210698592, 48.128112445081705 ], [ 11.565713365632377, 48.128089416164968 ] ] ] } },
{ "type": "Feature", "properties": { "building_id": 192, "floors": 1, "damage_level": 0.179, "building_type": "residential", "zoning_category": "residential" }, "geometry": { "type": "Polygon", "coordinates": [ [ [ 11.566497775239014, 48.127941712301002 ], [ 11.566512213010057, 48.128123881553726 ], [ 11.566341840308684, 48.128129897245699 ], [ 11.56632740253764, 48.127947728014298 ], [ 11.566497775239014, 48.127941712301002 ] ] ] } },
{ "type": "Feature", "properties": { "building_id": 193, "floors": 2, "damage_level": 0.761, "building_type": "residential", "zoning_category": "residential" }, "geometry": { "type": "Polygon", "coordinates": [ [ [ 11.567388541664975, 48.128142315998311 ], [ 11.567378776053213, 48.128223320646299 ], [ 11.567238743010716, 48.128215799595971 ], [ 11.567248508622479, 48.128134794936116 ], [ 11.567388541664975, 48.128142315998311 ] ] ] } },
{ "type": "Feature", "properties": { "building_id": 194, "floors": 1, "damage_level": 0.512, "building_type": "cultural", "zoning_category": "historical" }, "geometry": { "type": "Polygon", "coordinates": [ [ [ 11.568075142063385, 48.127891924847212 ], [ 11.568078329578597, 48.128109838870103 ], [ 11.567904215853629, 48.128110973517735 ], [ 11.567901028338419, 48.127893059499655 ], [ 11.568075142063385, 48.127891924847212 ] ] ] } },
{ "type": "Feature", "properties": { "building_id": 195, "floors": 3, "damage_level": 0.583, "building_type": "residential", "zoning_category": "mixed_use" }, "geometry": { "type": "Polygon", "coordinates": [ [ [ 11.568716527219097, 48.127946232593196 ], [ 11.568723383913856, 48.128054354163609 ], [ 11.568611263961747, 48.128057521883399 ], [ 11.568604407266987, 48.12794940031965 ], [ 11.568716527219097, 48.127946232593196 ] ] ] } },
{ "type": "Feature", "properties": { "building_id": 196, "floors": 4, "damage_level": 0.665, "building_type": "residential", "zoning_category": "mixed_use" }, "geometry": { "type": "Polygon", "coordinates": [ [ [ 11.56951943379773, 48.127913909469491 ], [ 11.569559275476387, 48.128120838820266 ], [ 11.569485730686367, 48.128127147349311 ], [ 11.569445889007712, 48.127920218023959 ], [ 11.56951943379773, 48.127913909469491 ] ] ] } },
{ "type": "Feature", "properties": { "building_id": 197, "floors": 5, "damage_level": 0.186, "building_type": "residential", "zoning_category": "mixed_use" }, "geometry": { "type": "Polygon", "coordinates": [ [ [ 11.570544488634621, 48.128069585447797 ], [ 11.570517444208951, 48.128234504077511 ], [ 11.570295627733758, 48.128218298649628 ], [ 11.570322672159428, 48.128053379967881 ], [ 11.570544488634621, 48.128069585447797 ] ] ] } },
{ "type": "Feature", "properties": { "building_id": 198, "floors": 1, "damage_level": 0.345, "building_type": "residential", "zoning_category": "mixed_use" }, "geometry": { "type": "Polygon", "coordinates": [ [ [ 11.571468104156647, 48.128150623215298 ], [ 11.571392145593832, 48.128301229326006 ], [ 11.571305656098291, 48.128281795648498 ], [ 11.571381614661105, 48.128131189480811 ], [ 11.571468104156647, 48.128150623215298 ] ] ] } },
{ "type": "Feature", "properties": { "building_id": 199, "floors": 1, "damage_level": 0.194, "building_type": "industrial", "zoning_category": "industrial" }, "geometry": { "type": "Polygon", "coordinates": [ [ [ 11.572315925002101, 48.127813351284381 ], [ 11.572469319566352, 48.128225924406586 ], [ 11.571613222425414, 48.128367729315798 ], [ 11.571459827861167, 48.127955157332764 ], [ 11.572315925002101, 48.127813351284381 ] ] ] } },
{ "type": "Feature", "properties": { "building_id": 200, "floors": 5, "damage_level": 0.15, "building_type": "residential", "zoning_category": "mixed_use" }, "geometry": { "type": "Polygon", "coordinates": [ [ [ 11.573022000685222, 48.128062306167742 ], [ 11.572977666330759, 48.128145078303035 ], [ 11.572908416985722, 48.128128553673804 ], [ 11.572952751340186, 48.128045781511872 ], [ 11.573022000685222, 48.128062306167742 ] ] ] } },
{ "type": "Feature", "properties": { "building_id": 201, "floors": 5, "damage_level": 0.457, "building_type": "commercial", "zoning_category": "mixed_use" }, "geometry": { "type": "Polygon", "coordinates": [ [ [ 11.573944370016529, 48.127896864712568 ], [ 11.573978614101236, 48.128158666743246 ], [ 11.573547630454845, 48.128183781762623 ], [ 11.573513386370138, 48.127921979859977 ], [ 11.573944370016529, 48.127896864712568 ] ] ] } },
{ "type": "Feature", "properties": { "building_id": 202, "floors": 2, "damage_level": 0.81, "building_type": "industrial", "zoning_category": "industrial" }, "geometry": { "type": "Polygon", "coordinates": [ [ [ 11.574777200514616, 48.127964627659686 ], [ 11.574686579804332, 48.12844782306189 ], [ 11.574366246118471, 48.128421058279351 ], [ 11.574456866828754, 48.12793786262533 ], [ 11.574777200514616, 48.127964627659686 ] ] ] } },
{ "type": "Feature", "properties": { "building_id": 203, "floors": 6, "damage_level": 0.153, "building_type": "residential", "zoning_category": "residential" }, "geometry": { "type": "Polygon", "coordinates": [ [ [ 11.575328567065725, 48.128032843260762 ], [ 11.575312533917556, 48.128197359980533 ], [ 11.575160391480598, 48.128190754287694 ], [ 11.575176424628767, 48.128026237546756 ], [ 11.575328567065725, 48.128032843260762 ] ] ] } },
{ "type": "Feature", "properties": { "building_id": 204, "floors": 3, "damage_level": 0.517, "building_type": "commercial", "zoning_category": "mixed_use" }, "geometry": { "type": "Polygon", "coordinates": [ [ [ 11.576280910336333, 48.127912005697162 ], [ 11.576201356806722, 48.128110584593529 ], [ 11.575986927415959, 48.128072313430486 ], [ 11.576066480945572, 48.127873734386149 ], [ 11.576280910336333, 48.127912005697162 ] ] ] } },
{ "type": "Feature", "properties": { "building_id": 205, "floors": 6, "damage_level": 0.725, "building_type": "commercial", "zoning_category": "mixed_use" }, "geometry": { "type": "Polygon", "coordinates": [ [ [ 11.576875320519001, 48.127888762250983 ], [ 11.576942030170242, 48.128163459832926 ], [ 11.576584415758594, 48.128202150742226 ], [ 11.576517706107353, 48.127927453367235 ], [ 11.576875320519001, 48.127888762250983 ] ] ] } },
{ "type": "Feature", "properties": { "building_id": 206, "floors": 5, "damage_level": 0.081, "building_type": "residential", "zoning_category": "mixed_use" }, "geometry": { "type": "Polygon", "coordinates": [ [ [ 11.57765362333215, 48.12796563906263 ], [ 11.577651883900483, 48.128047570206846 ], [ 11.577403620016581, 48.128045222016453 ], [ 11.577405359448246, 48.127963290868486 ], [ 11.57765362333215, 48.12796563906263 ] ] ] } },
{ "type": "Feature", "properties": { "building_id": 207, "floors": 8, "damage_level": 0.426, "building_type": "residential", "zoning_category": "residential" }, "geometry": { "type": "Polygon", "coordinates": [ [ [ 11.57869657387071, 48.127986035913793 ], [ 11.578622039595041, 48.12814552176377 ], [ 11.578450831627796, 48.128109875167283 ], [ 11.578525365903463, 48.12795038920661 ], [ 11.57869657387071, 48.127986035913793 ] ] ] } },
{ "type": "Feature", "properties": { "building_id": 208, "floors": 5, "damage_level": 0.191, "building_type": "residential", "zoning_category": "mixed_use" }, "geometry": { "type": "Polygon", "coordinates": [ [ [ 11.56090934348166, 48.128664915656515 ], [ 11.560831078819588, 48.128825569732058 ], [ 11.560593394303522, 48.128773984706548 ], [ 11.560671658965594, 48.128613330469626 ], [ 11.56090934348166, 48.128664915656515 ] ] ] } },
{ "type": "Feature", "properties": { "building_id": 209, "floors": 4, "damage_level": 0.889, "building_type": "commercial", "zoning_category": "mixed_use" }, "geometry": { "type": "Polygon", "coordinates": [ [ [ 11.561881639855208, 48.128462711707769 ], [ 11.561918715579679, 48.128637663492064 ], [ 11.561484900455008, 48.128678620441171 ], [ 11.561447824730537, 48.128503668796405 ], [ 11.561881639855208, 48.128462711707769 ] ] ] } },
{ "type": "Feature", "properties": { "building_id": 210, "floors": 1, "damage_level": 0.07, "building_type": "industrial", "zoning_category": "industrial" }, "geometry": { "type": "Polygon", "coordinates": [ [ [ 11.562517817879543, 48.12848312121605 ], [ 11.562526917640652, 48.128993924215209 ], [ 11.562070438473818, 48.128997547018095 ], [ 11.562061338712708, 48.128486744054968 ], [ 11.562517817879543, 48.12848312121605 ] ] ] } },
{ "type": "Feature", "properties": { "building_id": 211, "floors": 2, "damage_level": 0.281, "building_type": "residential", "zoning_category": "residential" }, "geometry": { "type": "Polygon", "coordinates": [ [ [ 11.563234238155813, 48.128616202574911 ], [ 11.5632560666225, 48.128671557533096 ], [ 11.563185347087805, 48.128683981399675 ], [ 11.563163518621117, 48.128628626454869 ], [ 11.563234238155813, 48.128616202574911 ] ] ] } },
{ "type": "Feature", "properties": { "building_id": 212, "floors": 2, "damage_level": 0.118, "building_type": "residential", "zoning_category": "mixed_use" }, "geometry": { "type": "Polygon", "coordinates": [ [ [ 11.564004102377817, 48.128502320263678 ], [ 11.563966229718602, 48.128589045998567 ], [ 11.563848562455375, 48.128566153888649 ], [ 11.56388643511459, 48.128479428115114 ], [ 11.564004102377817, 48.128502320263678 ] ] ] } },
{ "type": "Feature", "properties": { "building_id": 213, "floors": 1, "damage_level": 0.635, "building_type": "industrial", "zoning_category": "industrial" }, "geometry": { "type": "Polygon", "coordinates": [ [ [ 11.564928672012051, 48.12842629672101 ], [ 11.565094927946978, 48.128778377796898 ], [ 11.564747456302797, 48.128851475497626 ], [ 11.56458120036787, 48.128499394922855 ], [ 11.564928672012051, 48.12842629672101 ] ] ] } },
{ "type": "Feature", "properties": { "building_id": 214, "floors": 4, "damage_level": 0.698, "building_type": "residential", "zoning_category": "residential" }, "geometry": { "type": "Polygon", "coordinates": [ [ [ 11.565588235440211, 48.128539334401736 ], [ 11.565652312279239, 48.128700292013576 ], [ 11.565541742442532, 48.128719901979508 ], [ 11.565477665603506, 48.12855894442913 ], [ 11.565588235440211, 48.128539334401736 ] ] ] } },
{ "type": "Feature", "properties": { "building_id": 215, "floors": 5, "damage_level": 0.439, "building_type": "commercial", "zoning_category": "commercial" }, "geometry": { "type": "Polygon", "coordinates": [ [ [ 11.566691126524606, 48.128601527710714 ], [ 11.566745204030276, 48.128770237201344 ], [ 11.566268143012213, 48.12883836123013 ], [ 11.566214065506545, 48.128669651963293 ], [ 11.566691126524606, 48.128601527710714 ] ] ] } },
{ "type": "Feature", "properties": { "building_id": 216, "floors": 3, "damage_level": 0.464, "building_type": "residential", "zoning_category": "residential" }, "geometry": { "type": "Polygon", "coordinates": [ [ [ 11.56734137733312, 48.128590906672336 ], [ 11.567411165845673, 48.128748703664833 ], [ 11.567338444058365, 48.128763032126486 ], [ 11.56726865554581, 48.128605235178028 ], [ 11.56734137733312, 48.128590906672336 ] ] ] } },
{ "type": "Feature", "properties": { "building_id": 217, "floors": 4, "damage_level": 0.445, "building_type": "residential", "zoning_category": "residential" }, "geometry": { "type": "Polygon", "coordinates": [ [ [ 11.568156629752142, 48.128499652908005 ], [ 11.568226741742622, 48.128655329616961 ], [ 11.568146275953705, 48.128671474365781 ], [ 11.568076163963227, 48.128515797705752 ], [ 11.568156629752142, 48.128499652908005 ] ] ] } },
{ "type": "Feature", "properties": { "building_id": 218, "floors": 1, "damage_level": 0.319, "building_type": "industrial", "zoning_category": "industrial" }, "geometry": { "type": "Polygon", "coordinates": [ [ [ 11.569105712888494, 48.128608908350415 ], [ 11.569049318720882, 48.128964710117124 ], [ 11.568228643973255, 48.128906761316507 ], [ 11.568285038140864, 48.12855095914832 ], [ 11.569105712888494, 48.128608908350415 ] ] ] } },
{ "type": "Feature", "properties": { "building_id": 219, "floors": 3, "damage_level": 0.528, "building_type": "residential", "zoning_category": "mixed_use" }, "geometry": { "type": "Polygon", "coordinates": [ [ [ 11.569728630957522, 48.128680739776669 ], [ 11.569679187343613, 48.12880489593342 ], [ 11.569471870343158, 48.128768114742464 ], [ 11.569521313957065, 48.128643958496795 ], [ 11.569728630957522, 48.128680739776669 ] ] ] } },
{ "type": "Feature", "properties": { "building_id": 220, "floors": 2, "damage_level": 0.966, "building_type": "residential", "zoning_category": "residential" }, "geometry": { "type": "Polygon", "coordinates": [ [ [ 11.57060561334359, 48.128438317626163 ], [ 11.570615245860958, 48.128627113077499 ], [ 11.570385485462554, 48.128632335541759 ], [ 11.570375852945183, 48.128443540109622 ], [ 11.57060561334359, 48.128438317626163 ] ] ] } },
{ "type": "Feature", "properties": { "building_id": 221, "floors": 5, "damage_level": 0.419, "building_type": "residential", "zoning_category": "mixed_use" }, "geometry": { "type": "Polygon", "coordinates": [ [ [ 11.571096444194229, 48.12848761859712 ], [ 11.571111322786376, 48.128598396483625 ], [ 11.57098920488702, 48.128605703503077 ], [ 11.570974326294873, 48.128494925632339 ], [ 11.571096444194229, 48.12848761859712 ] ] ] } },
{ "type": "Feature", "properties": { "building_id": 222, "floors": 5, "damage_level": 0.539, "building_type": "residential", "zoning_category": "mixed_use" }, "geometry": { "type": "Polygon", "coordinates": [ [ [ 11.571961763629041, 48.128592648615211 ], [ 11.571954101772695, 48.128686961814992 ], [ 11.57178845688296, 48.128680966800594 ], [ 11.571796118739304, 48.128586653589799 ], [ 11.571961763629041, 48.128592648615211 ] ] ] } },
{ "type": "Feature", "properties": { "building_id": 223, "floors": 2, "damage_level": 0.274, "building_type": "residential", "zoning_category": "mixed_use" }, "geometry": { "type": "Polygon", "coordinates": [ [ [ 11.572876412307275, 48.128685596745044 ], [ 11.572860018276678, 48.128823435084492 ], [ 11.572708212931156, 48.128815391468649 ], [ 11.572724606961753, 48.128677553107607 ], [ 11.572876412307275, 48.128685596745044 ] ] ] } },
{ "type": "Feature", "properties": { "building_id": 224, "floors": 5, "damage_level": 0.204, "building_type": "commercial", "zoning_category": "commercial" }, "geometry": { "type": "Polygon", "coordinates": [ [ [ 11.573567377615589, 48.128473097930957 ], [ 11.573687383368462, 48.128796380353535 ], [ 11.573470997523851, 48.128832165139578 ], [ 11.573350991770978, 48.128508882942263 ], [ 11.573567377615589, 48.128473097930957 ] ] ] } },
{ "type": "Feature", "properties": { "building_id": 225, "floors": 1, "damage_level": 0.49, "building_type": "industrial", "zoning_category": "industrial" }, "geometry": { "type": "Polygon", "coordinates": [ [ [ 11.574772526404566, 48.128544274464439 ], [ 11.574482011045131, 48.129095996272 ], [ 11.57382145044515, 48.12894104044117 ], [ 11.574111965804585, 48.128389316968907 ], [ 11.574772526404566, 48.128544274464439 ] ] ] } },
{ "type": "Feature", "properties": { "building_id": 226, "floors": 1, "damage_level": 0.652, "building_type": "residential", "zoning_category": "residential" }, "geometry": { "type": "Polygon", "coordinates": [ [ [ 11.575141688515222, 48.128656965514409 ], [ 11.575218636193949, 48.128807613634976 ], [ 11.575128538050464, 48.128828115642847 ], [ 11.575051590371737, 48.12867746758242 ], [ 11.575141688515222, 48.128656965514409 ] ] ] } },
{ "type": "Feature", "properties": { "building_id": 227, "floors": 4, "damage_level": 0.546, "building_type": "residential", "zoning_category": "residential" }, "geometry": { "type": "Polygon", "coordinates": [ [ [ 11.576115630795034, 48.128687856141141 ], [ 11.576141871784181, 48.128822235116324 ], [ 11.575924688115393, 48.128841129141144 ], [ 11.575898447126248, 48.1287067502154 ], [ 11.576115630795034, 48.128687856141141 ] ] ] } },
{ "type": "Feature", "properties": { "building_id": 228, "floors": 2, "damage_level": 0.23, "building_type": "residential", "zoning_category": "residential" }, "geometry": { "type": "Polygon", "coordinates": [ [ [ 11.576941669846109, 48.12853225027596 ], [ 11.576994872869669, 48.128660452624388 ], [ 11.576773279844142, 48.128701420880418 ], [ 11.576720076820582, 48.128573218634251 ], [ 11.576941669846109, 48.12853225027596 ] ] ] } },
{ "type": "Feature", "properties": { "building_id": 229, "floors": 1, "damage_level": 0.542, "building_type": "industrial", "zoning_category": "industrial" }, "geometry": { "type": "Polygon", "coordinates": [ [ [ 11.57789898113375, 48.128543799157349 ], [ 11.577864584605644, 48.12896908749412 ], [ 11.577404803370547, 48.128952521034208 ], [ 11.577439199898652, 48.128527232560252 ], [ 11.57789898113375, 48.128543799157349 ] ] ] } },
{ "type": "Feature", "properties": { "building_id": 230, "floors": 4, "damage_level": 0.264, "building_type": "residential", "zoning_category": "residential" }, "geometry": { "type": "Polygon", "coordinates": [ [ [ 11.578682635052486, 48.128524792648683 ], [ 11.578727239533849, 48.128620884453476 ], [ 11.5785425514126, 48.12865907735987 ], [ 11.578497946931238, 48.12856298562653 ], [ 11.578682635052486, 48.128524792648683 ] ] ] } },
{ "type": "Feature", "properties": { "building_id": 231, "floors": 2, "damage_level": 0.241, "building_type": "residential", "zoning_category": "residential" }, "geometry": { "type": "Polygon", "coordinates": [ [ [ 11.56065687673869, 48.129173416977409 ], [ 11.560684321384656, 48.129360747075069 ], [ 11.560551933861039, 48.129369387532414 ], [ 11.560524489215073, 48.129182057466267 ], [ 11.56065687673869, 48.129173416977409 ] ] ] } },
{ "type": "Feature", "properties": { "building_id": 232, "floors": 4, "damage_level": 0.768, "building_type": "public", "zoning_category": "public" }, "geometry": { "type": "Polygon", "coordinates": [ [ [ 11.561702794606122, 48.129022756122851 ], [ 11.56180350820755, 48.129420678591572 ], [ 11.561253150673016, 48.129482733170086 ], [ 11.561152437071588, 48.129084811182182 ], [ 11.561702794606122, 48.129022756122851 ] ] ] } },
{ "type": "Feature", "properties": { "building_id": 233, "floors": 2, "damage_level": 0.72, "building_type": "residential", "zoning_category": "mixed_use" }, "geometry": { "type": "Polygon", "coordinates": [ [ [ 11.562392314037712, 48.129040212828293 ], [ 11.562402321923363, 48.129149754449585 ], [ 11.562289930397917, 48.129154328907028 ], [ 11.562279922512266, 48.129044787295491 ], [ 11.562392314037712, 48.129040212828293 ] ] ] } },
{ "type": "Feature", "properties": { "building_id": 234, "floors": 2, "damage_level": 0.801, "building_type": "residential", "zoning_category": "mixed_use" }, "geometry": { "type": "Polygon", "coordinates": [ [ [ 11.563052894309896, 48.129093617458992 ], [ 11.562973679634034, 48.129272905486474 ], [ 11.562856491533443, 48.129249839126786 ], [ 11.562935706209304, 48.129070551018785 ], [ 11.563052894309896, 48.129093617458992 ] ] ] } },
{ "type": "Feature", "properties": { "building_id": 235, "floors": 4, "damage_level": 0.08, "building_type": "commercial", "zoning_category": "commercial" }, "geometry": { "type": "Polygon", "coordinates": [ [ [ 11.563941971165255, 48.129176278303014 ], [ 11.563954668139294, 48.129418195567766 ], [ 11.563584386836775, 48.129426853297176 ], [ 11.563571689862737, 48.129184936073209 ], [ 11.563941971165255, 48.129176278303014 ] ] ] } },
{ "type": "Feature", "properties": { "building_id": 236, "floors": 4, "damage_level": 0.236, "building_type": "residential", "zoning_category": "residential" }, "geometry": { "type": "Polygon", "coordinates": [ [ [ 11.564656787434963, 48.129078569737302 ], [ 11.564677235310393, 48.129174340039462 ], [ 11.56452271099273, 48.129189037980687 ], [ 11.564502263117301, 48.129093267705933 ], [ 11.564656787434963, 48.129078569737302 ] ] ] } },
{ "type": "Feature", "properties": { "building_id": 237, "floors": 5, "damage_level": 0.551, "building_type": "public", "zoning_category": "public" }, "geometry": { "type": "Polygon", "coordinates": [ [ [ 11.565577738237694, 48.129176544898819 ], [ 11.565545791629559, 48.129417982372679 ], [ 11.565204212292183, 48.129397847418346 ], [ 11.565236158900319, 48.12915640984982 ], [ 11.565577738237694, 48.129176544898819 ] ] ] } },
{ "type": "Feature", "properties": { "building_id": 238, "floors": 1, "damage_level": 0.334, "building_type": "residential", "zoning_category": "mixed_use" }, "geometry": { "type": "Polygon", "coordinates": [ [ [ 11.566417206381654, 48.12912641921951 ], [ 11.566371730281684, 48.129255274724045 ], [ 11.566152138240415, 48.129220749369217 ], [ 11.566197614340386, 48.129091893778067 ], [ 11.566417206381654, 48.12912641921951 ] ] ] } },
{ "type": "Feature", "properties": { "building_id": 239, "floors": 1, "damage_level": 0.278, "building_type": "commercial", "zoning_category": "commercial" }, "geometry": { "type": "Polygon", "coordinates": [ [ [ 11.567150469380968, 48.129124375867654 ], [ 11.567079780682587, 48.129469793317327 ], [ 11.566898268962218, 48.129453245187705 ], [ 11.566968957660599, 48.129107827626733 ], [ 11.567150469380968, 48.129124375867654 ] ] ] } },
{ "type": "Feature", "properties": { "building_id": 240, "floors": 4, "damage_level": 0.371, "building_type": "residential", "zoning_category": "mixed_use" }, "geometry": { "type": "Polygon", "coordinates": [ [ [ 11.568048626089411, 48.12903389584914 ], [ 11.568034608851962, 48.129179843433 ], [ 11.56788339499805, 48.129173373501992 ], [ 11.567897412235501, 48.129027425899743 ], [ 11.568048626089411, 48.12903389584914 ] ] ] } },
{ "type": "Feature", "properties": { "building_id": 241, "floors": 2, "damage_level": 0.89, "building_type": "residential", "zoning_category": "residential" }, "geometry": { "type": "Polygon", "coordinates": [ [ [ 11.568913550411237, 48.129048856166385 ], [ 11.568916115540414, 48.129139330728243 ], [ 11.568669883577915, 48.129142440798034 ], [ 11.568667318448737, 48.129051966241661 ], [ 11.568913550411237, 48.129048856166385 ] ] ] } },
{ "type": "Feature", "properties": { "building_id": 242, "floors": 2, "damage_level": 0.9, "building_type": "residential", "zoning_category": "residential" }, "geometry": { "type": "Polygon", "coordinates": [ [ [ 11.569633323396442, 48.129248997481113 ], [ 11.56964619385055, 48.129303683422776 ], [ 11.569491338003511, 48.129319919673698 ], [ 11.569478467549404, 48.129265233749329 ], [ 11.569633323396442, 48.129248997481113 ] ] ] } },
{ "type": "Feature", "properties": { "building_id": 243, "floors": 4, "damage_level": 0.258, "building_type": "commercial", "zoning_category": "commercial" }, "geometry": { "type": "Polygon", "coordinates": [ [ [ 11.5705996666881, 48.129019305969791 ], [ 11.570505539883044, 48.12926822039087 ], [ 11.570195910834022, 48.129216059303161 ], [ 11.570290037639079, 48.128967144629264 ], [ 11.5705996666881, 48.129019305969791 ] ] ] } },
{ "type": "Feature", "properties": { "building_id": 244, "floors": 2, "damage_level": 0.072, "building_type": "residential", "zoning_category": "residential" }, "geometry": { "type": "Polygon", "coordinates": [ [ [ 11.571448815745235, 48.12909375666154 ], [ 11.571390565346812, 48.129218813631134 ], [ 11.571223797710763, 48.129184208165995 ], [ 11.571282048109186, 48.129059151112124 ], [ 11.571448815745235, 48.12909375666154 ] ] ] } },
{ "type": "Feature", "properties": { "building_id": 245, "floors": 4, "damage_level": 0.579, "building_type": "residential", "zoning_category": "residential" }, "geometry": { "type": "Polygon", "coordinates": [ [ [ 11.572134106231269, 48.129054629638901 ], [ 11.572158807453112, 48.129104757700432 ], [ 11.57199244265982, 48.12914127866005 ], [ 11.571967741437977, 48.12909115063416 ], [ 11.572134106231269, 48.129054629638901 ] ] ] } },
{ "type": "Feature", "properties": { "building_id": 246, "floors": 4, "damage_level": 0.839, "building_type": "commercial", "zoning_category": "mixed_use" }, "geometry": { "type": "Polygon", "coordinates": [ [ [ 11.572910425106626, 48.129001041137421 ], [ 11.572967627412284, 48.129286233432431 ], [ 11.572508359248646, 48.129327271152363 ], [ 11.572451156942986, 48.129042079085245 ], [ 11.572910425106626, 48.129001041137421 ] ] ] } },
{ "type": "Feature", "properties": { "building_id": 247, "floors": 1, "damage_level": 0.216, "building_type": "commercial", "zoning_category": "commercial" }, "geometry": { "type": "Polygon", "coordinates": [ [ [ 11.574007881713293, 48.128952170604791 ], [ 11.573886111340739, 48.129258405060725 ], [ 11.573499301949235, 48.12918988357837 ], [ 11.573621072321787, 48.128883648713838 ], [ 11.574007881713293, 48.128952170604791 ] ] ] } },
{ "type": "Feature", "properties": { "building_id": 248, "floors": 1, "damage_level": 0.285, "building_type": "residential", "zoning_category": "residential" }, "geometry": { "type": "Polygon", "coordinates": [ [ [ 11.574588315723783, 48.129134223829247 ], [ 11.574661716517147, 48.129296565487323 ], [ 11.574520856291791, 48.129324938120995 ], [ 11.574447455498428, 48.129162596552597 ], [ 11.574588315723783, 48.129134223829247 ] ] ] } },
{ "type": "Feature", "properties": { "building_id": 249, "floors": 2, "damage_level": 0.093, "building_type": "residential", "zoning_category": "residential" }, "geometry": { "type": "Polygon", "coordinates": [ [ [ 11.575376556399302, 48.129155230074119 ], [ 11.575427887881645, 48.129279865760829 ], [ 11.575254877532927, 48.129311609207519 ], [ 11.575203546050584, 48.129186973597854 ], [ 11.575376556399302, 48.129155230074119 ] ] ] } },
{ "type": "Feature", "properties": { "building_id": 250, "floors": 1, "damage_level": 0.172, "building_type": "residential", "zoning_category": "residential" }, "geometry": { "type": "Polygon", "coordinates": [ [ [ 11.576194053850438, 48.129209881598769 ], [ 11.576199839110709, 48.129280753315037 ], [ 11.576032288164912, 48.129286846401001 ], [ 11.576026502904641, 48.129215974693146 ], [ 11.576194053850438, 48.129209881598769 ] ] ] } },
{ "type": "Feature", "properties": { "building_id": 251, "floors": 5, "damage_level": 0.263, "building_type": "residential", "zoning_category": "residential" }, "geometry": { "type": "Polygon", "coordinates": [ [ [ 11.57692516774838, 48.129011197452307 ], [ 11.576980207837197, 48.129129112178276 ], [ 11.576874535969198, 48.12915108640653 ], [ 11.576819495880381, 48.129033171731002 ], [ 11.57692516774838, 48.129011197452307 ] ] ] } },
{ "type": "Feature", "properties": { "building_id": 252, "floors": 5, "damage_level": 0.829, "building_type": "residential", "zoning_category": "mixed_use" }, "geometry": { "type": "Polygon", "coordinates": [ [ [ 11.577770281217568, 48.129046576395297 ], [ 11.577730073988821, 48.129163779853819 ], [ 11.577521846126915, 48.129131956543205 ], [ 11.577562053355663, 48.129014753012058 ], [ 11.577770281217568, 48.129046576395297 ] ] ] } },
{ "type": "Feature", "properties": { "building_id": 253, "floors": 3, "damage_level": 0.35, "building_type": "commercial", "zoning_category": "mixed_use" }, "geometry": { "type": "Polygon", "coordinates": [ [ [ 11.578608154331887, 48.129091433107213 ], [ 11.578605054196652, 48.129206244701258 ], [ 11.578320406912981, 48.129202820621344 ], [ 11.578323507048216, 48.12908800901964 ], [ 11.578608154331887, 48.129091433107213 ] ] ] } },
{ "type": "Feature", "properties": { "building_id": 254, "floors": 1, "damage_level": 0.146, "building_type": "industrial", "zoning_category": "industrial" }, "geometry": { "type": "Polygon", "coordinates": [ [ [ 11.561252426446572, 48.129440985673149 ], [ 11.561290717584992, 48.129742588095091 ], [ 11.560257183914345, 48.129801043072426 ], [ 11.560218892775925, 48.12949944099379 ], [ 11.561252426446572, 48.129440985673149 ] ] ] } },
{ "type": "Feature", "properties": { "building_id": 255, "floors": 2, "damage_level": 0.506, "building_type": "residential", "zoning_category": "mixed_use" }, "geometry": { "type": "Polygon", "coordinates": [ [ [ 11.561727682449494, 48.129722943978841 ], [ 11.561674118125849, 48.129823782543298 ], [ 11.561503804094714, 48.12978348013413 ], [ 11.561557368418359, 48.12968264149054 ], [ 11.561727682449494, 48.129722943978841 ] ] ] } },
{ "type": "Feature", "properties": { "building_id": 256, "floors": 1, "damage_level": 0.704, "building_type": "residential", "zoning_category": "residential" }, "geometry": { "type": "Polygon", "coordinates": [ [ [ 11.562261660317091, 48.129681201901825 ], [ 11.562282814727697, 48.129749710562045 ], [ 11.562118830914022, 48.12977226795455 ], [ 11.562097676503416, 48.129703759324414 ], [ 11.562261660317091, 48.129681201901825 ] ] ] } },
{ "type": "Feature", "properties": { "building_id": 257, "floors": 1, "damage_level": 0.272, "building_type": "residential", "zoning_category": "residential" }, "geometry": { "type": "Polygon", "coordinates": [ [ [ 11.563194525300544, 48.129606350123424 ], [ 11.563103716392726, 48.129790299030034 ], [ 11.562986104456225, 48.129764433873717 ], [ 11.563076913364041, 48.12958048487446 ], [ 11.563194525300544, 48.129606350123424 ] ] ] } },
{ "type": "Feature", "properties": { "building_id": 258, "floors": 1, "damage_level": 0.408, "building_type": "cultural", "zoning_category": "historical" }, "geometry": { "type": "Polygon", "coordinates": [ [ [ 11.564159062254756, 48.129781694739386 ], [ 11.564095794303153, 48.129905527924635 ], [ 11.563787661537097, 48.129835396112391 ], [ 11.5638509294887, 48.129711562758018 ], [ 11.564159062254756, 48.129781694739386 ] ] ] } },
{ "type": "Feature", "properties": { "building_id": 259, "floors": 2, "damage_level": 0.136, "building_type": "residential", "zoning_category": "residential" }, "geometry": { "type": "Polygon", "coordinates": [ [ [ 11.56481487519026, 48.129592628151059 ], [ 11.564845595693855, 48.129687343962395 ], [ 11.56469801793215, 48.129708667555953 ], [ 11.564667297428553, 48.129613951783931 ], [ 11.56481487519026, 48.129592628151059 ] ] ] } },
{ "type": "Feature", "properties": { "building_id": 260, "floors": 10, "damage_level": 0.652, "building_type": "commercial", "zoning_category": "commercial" }, "geometry": { "type": "Polygon", "coordinates": [ [ [ 11.56552978767038, 48.129700994945409 ], [ 11.565621982904853, 48.129948182702272 ], [ 11.565411779009064, 48.129983108962264 ], [ 11.565319583774588, 48.129735921373509 ], [ 11.56552978767038, 48.129700994945409 ] ] ] } },
{ "type": "Feature", "properties": { "building_id": 261, "floors": 2, "damage_level": 0.169, "building_type": "residential", "zoning_category": "mixed_use" }, "geometry": { "type": "Polygon", "coordinates": [ [ [ 11.566542006458937, 48.129708176497772 ], [ 11.566558273553193, 48.129856221061004 ], [ 11.566384578741626, 48.129864723341321 ], [ 11.566368311647368, 48.129716678802595 ], [ 11.566542006458937, 48.129708176497772 ] ] ] } },
{ "type": "Feature", "properties": { "building_id": 262, "floors": 2, "damage_level": 0.093, "building_type": "cultural", "zoning_category": "historical" }, "geometry": { "type": "Polygon", "coordinates": [ [ [ 11.567294991154023, 48.12954284170204 ], [ 11.567382996220019, 48.129718589701568 ], [ 11.567076542269117, 48.129786951857781 ], [ 11.566988537203121, 48.129611204092193 ], [ 11.567294991154023, 48.12954284170204 ] ] ] } },
{ "type": "Feature", "properties": { "building_id": 263, "floors": 8, "damage_level": 0.747, "building_type": "residential", "zoning_category": "mixed_use" }, "geometry": { "type": "Polygon", "coordinates": [ [ [ 11.568091970619204, 48.129660413823174 ], [ 11.568094102973665, 48.12978327240004 ], [ 11.567995511227332, 48.129784034701395 ], [ 11.56799337887287, 48.129661176126348 ], [ 11.568091970619204, 48.129660413823174 ] ] ] } },
{ "type": "Feature", "properties": { "building_id": 264, "floors": 6, "damage_level": 0.568, "building_type": "residential", "zoning_category": "mixed_use" }, "geometry": { "type": "Polygon", "coordinates": [ [ [ 11.568807193892439, 48.129601295314245 ], [ 11.568828199073693, 48.129746650291722 ], [ 11.568677760401089, 48.129756335052733 ], [ 11.568656755219838, 48.129610980102662 ], [ 11.568807193892439, 48.129601295314245 ] ] ] } },
{ "type": "Feature", "properties": { "building_id": 265, "floors": 2, "damage_level": 0.71, "building_type": "commercial", "zoning_category": "commercial" }, "geometry": { "type": "Polygon", "coordinates": [ [ [ 11.569679216900569, 48.129517059381079 ], [ 11.569819960697592, 48.129852845051147 ], [ 11.569480663752202, 48.129916199734836 ], [ 11.569339919955182, 48.129580414479022 ], [ 11.569679216900569, 48.129517059381079 ] ] ] } },
{ "type": "Feature", "properties": { "building_id": 266, "floors": 8, "damage_level": 0.529, "building_type": "residential", "zoning_category": "mixed_use" }, "geometry": { "type": "Polygon", "coordinates": [ [ [ 11.570579049804868, 48.129790872187328 ], [ 11.570594418532712, 48.129842819654861 ], [ 11.570478783890719, 48.129858059913758 ], [ 11.570463415162877, 48.129806112461637 ], [ 11.570579049804868, 48.129790872187328 ] ] ] } },
{ "type": "Feature", "properties": { "building_id": 267, "floors": 2, "damage_level": 0.103, "building_type": "public", "zoning_category": "mixed_use" }, "geometry": { "type": "Polygon", "coordinates": [ [ [ 11.571523211368245, 48.129523675043245 ], [ 11.571451273392656, 48.129746175590377 ], [ 11.57121072668404, 48.129711529043249 ], [ 11.571282664659629, 48.129489028346008 ], [ 11.571523211368245, 48.129523675043245 ] ] ] } },
{ "type": "Feature", "properties": { "building_id": 268, "floors": 1, "damage_level": 0.208, "building_type": "cultural", "zoning_category": "public" }, "geometry": { "type": "Polygon", "coordinates": [ [ [ 11.572371325450526, 48.129511457806025 ], [ 11.572424846378512, 48.129619894410169 ], [ 11.57199983936577, 48.129713344203658 ], [ 11.571946318437783, 48.129604907796832 ], [ 11.572371325450526, 48.129511457806025 ] ] ] } },
{ "type": "Feature", "properties": { "building_id": 269, "floors": 4, "damage_level": 0.172, "building_type": "public", "zoning_category": "mixed_use" }, "geometry": { "type": "Polygon", "coordinates": [ [ [ 11.572950030410174, 48.129427846776046 ], [ 11.572903080879186, 48.129822127087728 ], [ 11.572399637999442, 48.129795421066504 ], [ 11.572446587530431, 48.129401140549788 ], [ 11.572950030410174, 48.129427846776046 ] ] ] } },
{ "type": "Feature", "properties": { "building_id": 270, "floors": 4, "damage_level": 0.302, "building_type": "residential", "zoning_category": "mixed_use" }, "geometry": { "type": "Polygon", "coordinates": [ [ [ 11.573555268658152, 48.129641960580834 ], [ 11.573544245235723, 48.129778625321684 ], [ 11.573417561896878, 48.129774073221185 ], [ 11.573428585319309, 48.12963740846822 ], [ 11.573555268658152, 48.129641960580834 ] ] ] } },
{ "type": "Feature", "properties": { "building_id": 271, "floors": 5, "damage_level": 0.151, "building_type": "commercial", "zoning_category": "commercial" }, "geometry": { "type": "Polygon", "coordinates": [ [ [ 11.574388028605078, 48.129638386091472 ], [ 11.574530558783103, 48.129931326875642 ], [ 11.574218508212249, 48.129998963529616 ], [ 11.574075978034225, 48.129706023131256 ], [ 11.574388028605078, 48.129638386091472 ] ] ] } },
{ "type": "Feature", "properties": { "building_id": 272, "floors": 2, "damage_level": 0.553, "building_type": "residential", "zoning_category": "mixed_use" }, "geometry": { "type": "Polygon", "coordinates": [ [ [ 11.575222545593437, 48.129618098698081 ], [ 11.575258184791906, 48.129686718975748 ], [ 11.575140628288361, 48.129713918143935 ], [ 11.575104989089894, 48.12964529790262 ], [ 11.575222545593437, 48.129618098698081 ] ] ] } },
{ "type": "Feature", "properties": { "building_id": 273, "floors": 2, "damage_level": 0.435, "building_type": "residential", "zoning_category": "residential" }, "geometry": { "type": "Polygon", "coordinates": [ [ [ 11.576177499850193, 48.129601418500563 ], [ 11.576116126346902, 48.129748665529235 ], [ 11.57598495639451, 48.129724309766033 ], [ 11.576046329897801, 48.129577062667529 ], [ 11.576177499850193, 48.129601418500563 ] ] ] } },
{ "type": "Feature", "properties": { "building_id": 274, "floors": 2, "damage_level": 0.191, "building_type": "residential", "zoning_category": "mixed_use" }, "geometry": { "type": "Polygon", "coordinates": [ [ [ 11.576972775412441, 48.129691617007751 ], [ 11.576998005043142, 48.12981340556847 ], [ 11.576833155356056, 48.129828618894074 ], [ 11.576807925725355, 48.129706830369422 ], [ 11.576972775412441, 48.129691617007751 ] ] ] } },
{ "type": "Feature", "properties": { "building_id": 275, "floors": 2, "damage_level": 0.237, "building_type": "commercial", "zoning_category": "mixed_use" }, "geometry": { "type": "Polygon", "coordinates": [ [ [ 11.577718907094255, 48.129750612657681 ], [ 11.577694614059704, 48.129929388974595 ], [ 11.577369163139208, 48.129909688016326 ], [ 11.577393456173759, 48.12973091163083 ], [ 11.577718907094255, 48.129750612657681 ] ] ] } },
{ "type": "Feature", "properties": { "building_id": 276, "floors": 6, "damage_level": 0.402, "building_type": "residential", "zoning_category": "mixed_use" }, "geometry": { "type": "Polygon", "coordinates": [ [ [ 11.578529799206326, 48.129542291776936 ], [ 11.578517260886702, 48.129686091905995 ], [ 11.578317268007662, 48.129678323559752 ], [ 11.578329806327286, 48.129534523408935 ], [ 11.578529799206326, 48.129542291776936 ] ] ] } },
{ "type": "Feature", "properties": { "building_id": 277, "floors": 4, "damage_level": 0.823, "building_type": "public", "zoning_category": "public" }, "geometry": { "type": "Polygon", "coordinates": [ [ [ 11.561016866664378, 48.130046549377226 ], [ 11.561059149178798, 48.130261894683684 ], [ 11.560704536254004, 48.1302929120084 ], [ 11.560662253739585, 48.130077566832007 ], [ 11.561016866664378, 48.130046549377226 ] ] ] } },
{ "type": "Feature", "properties": { "building_id": 278, "floors": 1, "damage_level": 0.977, "building_type": "residential", "zoning_category": "mixed_use" }, "geometry": { "type": "Polygon", "coordinates": [ [ [ 11.561585877966573, 48.130337691079909 ], [ 11.561581367269618, 48.130404370918789 ], [ 11.561388400904741, 48.130398555885272 ], [ 11.561392911601697, 48.130331876038838 ], [ 11.561585877966573, 48.130337691079909 ] ] ] } },
{ "type": "Feature", "properties": { "building_id": 279, "floors": 5, "damage_level": 0.389, "building_type": "residential", "zoning_category": "residential" }, "geometry": { "type": "Polygon", "coordinates": [ [ [ 11.5625210667407, 48.130105888834663 ], [ 11.562426296289015, 48.130300206657793 ], [ 11.562244115275522, 48.130260625602368 ], [ 11.562338885727206, 48.130066307629477 ], [ 11.5625210667407, 48.130105888834663 ] ] ] } },
{ "type": "Feature", "properties": { "building_id": 280, "floors": 3, "damage_level": 0.333, "building_type": "commercial", "zoning_category": "mixed_use" }, "geometry": { "type": "Polygon", "coordinates": [ [ [ 11.56312534864934, 48.130241015704186 ], [ 11.563036980036786, 48.130466915308716 ], [ 11.562846822126042, 48.130433777926882 ], [ 11.562935190738596, 48.130207878176577 ], [ 11.56312534864934, 48.130241015704186 ] ] ] } },
{ "type": "Feature", "properties": { "building_id": 281, "floors": 5, "damage_level": 0.214, "building_type": "residential", "zoning_category": "residential" }, "geometry": { "type": "Polygon", "coordinates": [ [ [ 11.564107369513311, 48.130295722084831 ], [ 11.564065503767559, 48.130407678639962 ], [ 11.563861978362489, 48.130373774737876 ], [ 11.563903844108243, 48.130261818108828 ], [ 11.564107369513311, 48.130295722084831 ] ] ] } },
{ "type": "Feature", "properties": { "building_id": 282, "floors": 3, "damage_level": 0.234, "building_type": "residential", "zoning_category": "residential" }, "geometry": { "type": "Polygon", "coordinates": [ [ [ 11.564845845948684, 48.130355793073527 ], [ 11.5648219738294, 48.130407162271339 ], [ 11.564623945483945, 48.130366166686528 ], [ 11.564647817603229, 48.130314797447703 ], [ 11.564845845948684, 48.130355793073527 ] ] ] } },
{ "type": "Feature", "properties": { "building_id": 283, "floors": 3, "damage_level": 0.078, "building_type": "commercial", "zoning_category": "mixed_use" }, "geometry": { "type": "Polygon", "coordinates": [ [ [ 11.565814412238016, 48.129990059534144 ], [ 11.565860273978638, 48.130320743064559 ], [ 11.565633332911474, 48.130334763935963 ], [ 11.565587471170852, 48.130004080495837 ], [ 11.565814412238016, 48.129990059534144 ] ] ] } },
{ "type": "Feature", "properties": { "building_id": 284, "floors": 1, "damage_level": 0.153, "building_type": "industrial", "zoning_category": "industrial" }, "geometry": { "type": "Polygon", "coordinates": [ [ [ 11.56644222361443, 48.130027036478836 ], [ 11.566600288516353, 48.130329530803117 ], [ 11.566292821775916, 48.130401102249465 ], [ 11.566134756873993, 48.130098608346763 ], [ 11.56644222361443, 48.130027036478836 ] ] ] } },
{ "type": "Feature", "properties": { "building_id": 285, "floors": 6, "damage_level": 0.241, "building_type": "residential", "zoning_category": "mixed_use" }, "geometry": { "type": "Polygon", "coordinates": [ [ [ 11.567185638112541, 48.130155821497958 ], [ 11.567263544800939, 48.130312739066042 ], [ 11.567149847715227, 48.130337885465323 ], [ 11.56707194102683, 48.130180967974084 ], [ 11.567185638112541, 48.130155821497958 ] ] ] } },
{ "type": "Feature", "properties": { "building_id": 286, "floors": 1, "damage_level": 0.63, "building_type": "residential", "zoning_category": "mixed_use" }, "geometry": { "type": "Polygon", "coordinates": [ [ [ 11.568093600873686, 48.130195916754374 ], [ 11.568074417513426, 48.130262996042305 ], [ 11.567831582707315, 48.130232059542763 ], [ 11.567850766067576, 48.130164980214424 ], [ 11.568093600873686, 48.130195916754374 ] ] ] } },
{ "type": "Feature", "properties": { "building_id": 287, "floors": 4, "damage_level": 0.499, "building_type": "residential", "zoning_category": "residential" }, "geometry": { "type": "Polygon", "coordinates": [ [ [ 11.568808344703362, 48.130115466674731 ], [ 11.568802131735504, 48.130199473041785 ], [ 11.568597739610304, 48.130192738995397 ], [ 11.568603952578163, 48.13010873261733 ], [ 11.568808344703362, 48.130115466674731 ] ] ] } },
{ "type": "Feature", "properties": { "building_id": 288, "floors": 6, "damage_level": 0.126, "building_type": "commercial", "zoning_category": "mixed_use" }, "geometry": { "type": "Polygon", "coordinates": [ [ [ 11.569836520254972, 48.130203750998348 ], [ 11.56984992524435, 48.130508766888163 ], [ 11.569389765847395, 48.130517775813395 ], [ 11.569376360858017, 48.130212759977084 ], [ 11.569836520254972, 48.130203750998348 ] ] ] } },
{ "type": "Feature", "properties": { "building_id": 289, "floors": 4, "damage_level": 0.886, "building_type": "residential", "zoning_category": "mixed_use" }, "geometry": { "type": "Polygon", "coordinates": [ [ [ 11.570328990991797, 48.130178865491544 ], [ 11.570324037913922, 48.130236403490287 ], [ 11.570167378406975, 48.130230395884034 ], [ 11.57017233148485, 48.130172857878556 ], [ 11.570328990991797, 48.130178865491544 ] ] ] } },
{ "type": "Feature", "properties": { "building_id": 290, "floors": 2, "damage_level": 0.206, "building_type": "commercial", "zoning_category": "mixed_use" }, "geometry": { "type": "Polygon", "coordinates": [ [ [ 11.571283507057672, 48.130195113290227 ], [ 11.571346663410868, 48.130390629137054 ], [ 11.571164033678292, 48.130416909339388 ], [ 11.571100877325096, 48.130221393592606 ], [ 11.571283507057672, 48.130195113290227 ] ] ] } },
{ "type": "Feature", "properties": { "building_id": 291, "floors": 2, "damage_level": 0.837, "building_type": "residential", "zoning_category": "residential" }, "geometry": { "type": "Polygon", "coordinates": [ [ [ 11.572219698378184, 48.130197252909319 ], [ 11.572190660868642, 48.130390986665077 ], [ 11.572024892978574, 48.130379918471107 ], [ 11.572053930488115, 48.13018618467359 ], [ 11.572219698378184, 48.130197252909319 ] ] ] } },
{ "type": "Feature", "properties": { "building_id": 292, "floors": 2, "damage_level": 0.434, "building_type": "residential", "zoning_category": "residential" }, "geometry": { "type": "Polygon", "coordinates": [ [ [ 11.572850291497469, 48.130274069305841 ], [ 11.572879583186436, 48.130328712541449 ], [ 11.572692198922537, 48.130373459511873 ], [ 11.572662907233571, 48.130318816323879 ], [ 11.572850291497469, 48.130274069305841 ] ] ] } },
{ "type": "Feature", "properties": { "building_id": 293, "floors": 7, "damage_level": 0.79, "building_type": "residential", "zoning_category": "residential" }, "geometry": { "type": "Polygon", "coordinates": [ [ [ 11.573587011321695, 48.130283002267419 ], [ 11.573561544852135, 48.130483889262038 ], [ 11.573426513286698, 48.130476263680798 ], [ 11.573451979756259, 48.130275376656343 ], [ 11.573587011321695, 48.130283002267419 ] ] ] } },
{ "type": "Feature", "properties": { "building_id": 294, "floors": 2, "damage_level": 0.845, "building_type": "residential", "zoning_category": "residential" }, "geometry": { "type": "Polygon", "coordinates": [ [ [ 11.574484031233373, 48.130125546860462 ], [ 11.574539634911892, 48.130239760592161 ], [ 11.574442965864769, 48.130260725695635 ], [ 11.574387362186252, 48.130146512010562 ], [ 11.574484031233373, 48.130125546860462 ] ] ] } },
{ "type": "Feature", "properties": { "building_id": 295, "floors": 3, "damage_level": 0.928, "building_type": "residential", "zoning_category": "mixed_use" }, "geometry": { "type": "Polygon", "coordinates": [ [ [ 11.575398730512804, 48.130277323316889 ], [ 11.575413461428239, 48.130428013841794 ], [ 11.575322226090709, 48.130431986930731 ], [ 11.575307495175277, 48.130281296417479 ], [ 11.575398730512804, 48.130277323316889 ] ] ] } },
{ "type": "Feature", "properties": { "building_id": 296, "floors": 5, "damage_level": 0.827, "building_type": "public", "zoning_category": "public" }, "geometry": { "type": "Polygon", "coordinates": [ [ [ 11.576012784013217, 48.130076616849287 ], [ 11.576123356228928, 48.130412400057587 ], [ 11.57591261547341, 48.130443314250719 ], [ 11.575802043257699, 48.130107531244562 ], [ 11.576012784013217, 48.130076616849287 ] ] ] } },
{ "type": "Feature", "properties": { "building_id": 297, "floors": 6, "damage_level": 0.108, "building_type": "residential", "zoning_category": "mixed_use" }, "geometry": { "type": "Polygon", "coordinates": [ [ [ 11.577167960833624, 48.130340927565399 ], [ 11.577136288795554, 48.130450458807658 ], [ 11.576895130151343, 48.130419394488626 ], [ 11.576926802189412, 48.130309863180102 ], [ 11.577167960833624, 48.130340927565399 ] ] ] } },
{ "type": "Feature", "properties": { "building_id": 298, "floors": 1, "damage_level": 0.282, "building_type": "cultural", "zoning_category": "public" }, "geometry": { "type": "Polygon", "coordinates": [ [ [ 11.577786757740014, 48.130189219676282 ], [ 11.577899823686172, 48.130400699596485 ], [ 11.577544418856913, 48.130485345861246 ], [ 11.577431352910752, 48.13027386628962 ], [ 11.577786757740014, 48.130189219676282 ] ] ] } },
{ "type": "Feature", "properties": { "building_id": 299, "floors": 5, "damage_level": 0.151, "building_type": "residential", "zoning_category": "mixed_use" }, "geometry": { "type": "Polygon", "coordinates": [ [ [ 11.578425913889312, 48.130231430892884 ], [ 11.578459553484196, 48.1303607814515 ], [ 11.578357257943894, 48.130372632630959 ], [ 11.57832361834901, 48.130243282102207 ], [ 11.578425913889312, 48.130231430892884 ] ] ] } },
{ "type": "Feature", "properties": { "building_id": 300, "floors": 5, "damage_level": 0.693, "building_type": "public", "zoning_category": "mixed_use" }, "geometry": { "type": "Polygon", "coordinates": [ [ [ 11.560917462889732, 48.130436315180653 ], [ 11.561128416238084, 48.130864463845796 ], [ 11.560771021654462, 48.130942906934131 ], [ 11.56056006830611, 48.130514758922999 ], [ 11.560917462889732, 48.130436315180653 ] ] ] } },
{ "type": "Feature", "properties": { "building_id": 301, "floors": 3, "damage_level": 0.193, "building_type": "public", "zoning_category": "public" }, "geometry": { "type": "Polygon", "coordinates": [ [ [ 11.561715511744231, 48.130812191333298 ], [ 11.561604896131895, 48.131018411879388 ], [ 11.561229044221918, 48.130928604233091 ], [ 11.561339659834253, 48.130722383326351 ], [ 11.561715511744231, 48.130812191333298 ] ] ] } },
{ "type": "Feature", "properties": { "building_id": 302, "floors": 3, "damage_level": 0.059, "building_type": "public", "zoning_category": "mixed_use" }, "geometry": { "type": "Polygon", "coordinates": [ [ [ 11.562577045706266, 48.130774987844802 ], [ 11.562622463312836, 48.130928560237614 ], [ 11.562001111487108, 48.131010418269845 ], [ 11.561955693880538, 48.13085684612183 ], [ 11.562577045706266, 48.130774987844802 ] ] ] } },
{ "type": "Feature", "properties": { "building_id": 303, "floors": 4, "damage_level": 0.26, "building_type": "residential", "zoning_category": "residential" }, "geometry": { "type": "Polygon", "coordinates": [ [ [ 11.563079545123175, 48.130812770717952 ], [ 11.563092005543798, 48.130976944456961 ], [ 11.562942828432945, 48.130981988088891 ], [ 11.562930368012324, 48.130817814366019 ], [ 11.563079545123175, 48.130812770717952 ] ] ] } },
{ "type": "Feature", "properties": { "building_id": 304, "floors": 4, "damage_level": 0.361, "building_type": "public", "zoning_category": "mixed_use" }, "geometry": { "type": "Polygon", "coordinates": [ [ [ 11.564115317423374, 48.130653849693147 ], [ 11.564122020273851, 48.130924617450766 ], [ 11.563501452630538, 48.130931460745089 ], [ 11.563494749780062, 48.130660693023557 ], [ 11.564115317423374, 48.130653849693147 ] ] ] } },
{ "type": "Feature", "properties": { "building_id": 305, "floors": 3, "damage_level": 0.715, "building_type": "residential", "zoning_category": "residential" }, "geometry": { "type": "Polygon", "coordinates": [ [ [ 11.564799976721927, 48.130655753833565 ], [ 11.564832192221262, 48.130805143896993 ], [ 11.564755225449289, 48.130812537590472 ], [ 11.564723009949953, 48.130663147548546 ], [ 11.564799976721927, 48.130655753833565 ] ] ] } },
{ "type": "Feature", "properties": { "building_id": 306, "floors": 4, "damage_level": 0.735, "building_type": "residential", "zoning_category": "mixed_use" }, "geometry": { "type": "Polygon", "coordinates": [ [ [ 11.565472004352499, 48.130788133993413 ], [ 11.565534357503131, 48.130955843847488 ], [ 11.565343658303956, 48.130987427411121 ], [ 11.565281305153324, 48.130819717660195 ], [ 11.565472004352499, 48.130788133993413 ] ] ] } },
{ "type": "Feature", "properties": { "building_id": 307, "floors": 4, "damage_level": 0.231, "building_type": "residential", "zoning_category": "mixed_use" }, "geometry": { "type": "Polygon", "coordinates": [ [ [ 11.566334461591296, 48.130710448218345 ], [ 11.566395031094588, 48.130838299383839 ], [ 11.56623285793205, 48.130872524312771 ], [ 11.566172288428758, 48.130744673232478 ], [ 11.566334461591296, 48.130710448218345 ] ] ] } },
{ "type": "Feature", "properties": { "building_id": 308, "floors": 5, "damage_level": 0.216, "building_type": "residential", "zoning_category": "mixed_use" }, "geometry": { "type": "Polygon", "coordinates": [ [ [ 11.567127922502644, 48.130727597871221 ], [ 11.567104798230513, 48.130773264069262 ], [ 11.566997498164897, 48.130749059996418 ], [ 11.567020622437028, 48.130703393776855 ], [ 11.567127922502644, 48.130727597871221 ] ] ] } },
{ "type": "Feature", "properties": { "building_id": 309, "floors": 2, "damage_level": 0.134, "building_type": "residential", "zoning_category": "mixed_use" }, "geometry": { "type": "Polygon", "coordinates": [ [ [ 11.568159184726929, 48.130791584399908 ], [ 11.568202128424661, 48.130969681873964 ], [ 11.567972235828677, 48.130994375163048 ], [ 11.567929292130943, 48.130816277774628 ], [ 11.568159184726929, 48.130791584399908 ] ] ] } },
{ "type": "Feature", "properties": { "building_id": 310, "floors": 4, "damage_level": 0.513, "building_type": "residential", "zoning_category": "mixed_use" }, "geometry": { "type": "Polygon", "coordinates": [ [ [ 11.56900376461086, 48.130704317419799 ], [ 11.569066163555492, 48.130841723728572 ], [ 11.568929782471841, 48.130869312919643 ], [ 11.568867383527207, 48.130731906684687 ], [ 11.56900376461086, 48.130704317419799 ] ] ] } },
{ "type": "Feature", "properties": { "building_id": 311, "floors": 3, "damage_level": 0.339, "building_type": "commercial", "zoning_category": "commercial" }, "geometry": { "type": "Polygon", "coordinates": [ [ [ 11.569705451462067, 48.130805830188827 ], [ 11.569599484106222, 48.131023911967503 ], [ 11.569246984496372, 48.130947612182297 ], [ 11.569352951852215, 48.130729530079584 ], [ 11.569705451462067, 48.130805830188827 ] ] ] } },
{ "type": "Feature", "properties": { "building_id": 312, "floors": 6, "damage_level": 0.439, "building_type": "commercial", "zoning_category": "commercial" }, "geometry": { "type": "Polygon", "coordinates": [ [ [ 11.57060195694981, 48.130719970638005 ], [ 11.570531457362133, 48.131059573920709 ], [ 11.570249711838107, 48.131033519382584 ], [ 11.570320211425786, 48.130693915927573 ], [ 11.57060195694981, 48.130719970638005 ] ] ] } },
{ "type": "Feature", "properties": { "building_id": 313, "floors": 1, "damage_level": 0.216, "building_type": "commercial", "zoning_category": "mixed_use" }, "geometry": { "type": "Polygon", "coordinates": [ [ [ 11.571476403558984, 48.130777247132031 ], [ 11.571519256814994, 48.130889348035822 ], [ 11.571251596358405, 48.130934927812824 ], [ 11.571208743102394, 48.130822827008522 ], [ 11.571476403558984, 48.130777247132031 ] ] ] } },
{ "type": "Feature", "properties": { "building_id": 314, "floors": 1, "damage_level": 0.452, "building_type": "industrial", "zoning_category": "industrial" }, "geometry": { "type": "Polygon", "coordinates": [ [ [ 11.572274034483483, 48.130510564971857 ], [ 11.572341815373575, 48.130853237384777 ], [ 11.571522121062944, 48.130925463588575 ], [ 11.571454340172853, 48.130582791657602 ], [ 11.572274034483483, 48.130510564971857 ] ] ] } },
{ "type": "Feature", "properties": { "building_id": 315, "floors": 4, "damage_level": 0.109, "building_type": "residential", "zoning_category": "residential" }, "geometry": { "type": "Polygon", "coordinates": [ [ [ 11.572906563569816, 48.130907300851888 ], [ 11.572882498717354, 48.13095445380543 ], [ 11.572671785533915, 48.130906549086042 ], [ 11.572695850386378, 48.130859396088503 ], [ 11.572906563569816, 48.130907300851888 ] ] ] } },
{ "type": "Feature", "properties": { "building_id": 316, "floors": 2, "damage_level": 0.29, "building_type": "residential", "zoning_category": "residential" }, "geometry": { "type": "Polygon", "coordinates": [ [ [ 11.573795203597609, 48.130826025608997 ], [ 11.57379738350379, 48.130943525631096 ], [ 11.573628381211435, 48.130944922337143 ], [ 11.573626201305254, 48.130827422318248 ], [ 11.573795203597609, 48.130826025608997 ] ] ] } },
{ "type": "Feature", "properties": { "building_id": 317, "floors": 2, "damage_level": 0.768, "building_type": "residential", "zoning_category": "residential" }, "geometry": { "type": "Polygon", "coordinates": [ [ [ 11.574628115033178, 48.130870533149995 ], [ 11.574644182324439, 48.130943170609854 ], [ 11.574419293052442, 48.130965330267607 ], [ 11.574403225761181, 48.130892692839097 ], [ 11.574628115033178, 48.130870533149995 ] ] ] } },
{ "type": "Feature", "properties": { "building_id": 318, "floors": 4, "damage_level": 0.097, "building_type": "commercial", "zoning_category": "commercial" }, "geometry": { "type": "Polygon", "coordinates": [ [ [ 11.575533867897914, 48.130548725397894 ], [ 11.575627187778665, 48.130898404510042 ], [ 11.575189631673178, 48.130950422351539 ], [ 11.575096311792425, 48.130600743593597 ], [ 11.575533867897914, 48.130548725397894 ] ] ] } },
{ "type": "Feature", "properties": { "building_id": 319, "floors": 5, "damage_level": 0.246, "building_type": "residential", "zoning_category": "mixed_use" }, "geometry": { "type": "Polygon", "coordinates": [ [ [ 11.575977527366531, 48.130728215210091 ], [ 11.57598771014508, 48.130830030677373 ], [ 11.575804629049397, 48.130838187301158 ], [ 11.575794446270848, 48.130736371850041 ], [ 11.575977527366531, 48.130728215210091 ] ] ] } },
{ "type": "Feature", "properties": { "building_id": 320, "floors": 3, "damage_level": 0.783, "building_type": "commercial", "zoning_category": "commercial" }, "geometry": { "type": "Polygon", "coordinates": [ [ [ 11.5769222471341, 48.130738409372434 ], [ 11.576843261355435, 48.130889099249806 ], [ 11.576668011455718, 48.130848179176219 ], [ 11.576746997234382, 48.130697489178786 ], [ 11.5769222471341, 48.130738409372434 ] ] ] } },
{ "type": "Feature", "properties": { "building_id": 321, "floors": 1, "damage_level": 0.603, "building_type": "industrial", "zoning_category": "industrial" }, "geometry": { "type": "Polygon", "coordinates": [ [ [ 11.578046382141808, 48.130671462687687 ], [ 11.577775967075251, 48.131238669146413 ], [ 11.577038983992688, 48.131082153637649 ], [ 11.577309399059246, 48.130514945450166 ], [ 11.578046382141808, 48.130671462687687 ] ] ] } },
{ "type": "Feature", "properties": { "building_id": 322, "floors": 5, "damage_level": 0.137, "building_type": "residential", "zoning_category": "mixed_use" }, "geometry": { "type": "Polygon", "coordinates": [ [ [ 11.578528876429143, 48.130872146608567 ], [ 11.578504716482183, 48.130984294084193 ], [ 11.578413433571365, 48.130975534008705 ], [ 11.578437593518325, 48.130863386513937 ], [ 11.578528876429143, 48.130872146608567 ] ] ] } },
{ "type": "Feature", "properties": { "building_id": 323, "floors": 4, "damage_level": 0.199, "building_type": "residential", "zoning_category": "residential" }, "geometry": { "type": "Polygon", "coordinates": [ [ [ 11.56078202202908, 48.131227148246708 ], [ 11.560752320103042, 48.131375896140518 ], [ 11.560549270497448, 48.131357835156749 ], [ 11.560578972423487, 48.131209087210628 ], [ 11.56078202202908, 48.131227148246708 ] ] ] } },
{ "type": "Feature", "properties": { "building_id": 324, "floors": 4, "damage_level": 0.054, "building_type": "residential", "zoning_category": "residential" }, "geometry": { "type": "Polygon", "coordinates": [ [ [ 11.561448304126738, 48.13138204706005 ], [ 11.561425830116088, 48.131526206950554 ], [ 11.561337898557817, 48.131520100571485 ], [ 11.561360372568469, 48.131375940663837 ], [ 11.561448304126738, 48.13138204706005 ] ] ] } },
{ "type": "Feature", "properties": { "building_id": 325, "floors": 4, "damage_level": 0.094, "building_type": "commercial", "zoning_category": "commercial" }, "geometry": { "type": "Polygon", "coordinates": [ [ [ 11.562642878751619, 48.131141434399616 ], [ 11.562709314369471, 48.131392416642626 ], [ 11.562330114220925, 48.131437129439114 ], [ 11.562263678603072, 48.131186147414638 ], [ 11.562642878751619, 48.131141434399616 ] ] ] } },
{ "type": "Feature", "properties": { "building_id": 326, "floors": 2, "damage_level": 0.504, "building_type": "commercial", "zoning_category": "commercial" }, "geometry": { "type": "Polygon", "coordinates": [ [ [ 11.563208281534132, 48.131180275623379 ], [ 11.563178042443209, 48.131509929529145 ], [ 11.562772298276604, 48.131493350207919 ], [ 11.56280253736753, 48.131163696195713 ], [ 11.563208281534132, 48.131180275623379 ] ] ] } },
{ "type": "Feature", "properties": { "building_id": 327, "floors": 2, "damage_level": 0.522, "building_type": "commercial", "zoning_category": "commercial" }, "geometry": { "type": "Polygon", "coordinates": [ [ [ 11.564112677745928, 48.131080571597799 ], [ 11.56403166474465, 48.131420841390124 ], [ 11.563694058926529, 48.131385036129643 ], [ 11.563775071927807, 48.131044766100068 ], [ 11.564112677745928, 48.131080571597799 ] ] ] } },
{ "type": "Feature", "properties": { "building_id": 328, "floors": 5, "damage_level": 0.115, "building_type": "residential", "zoning_category": "residential" }, "geometry": { "type": "Polygon", "coordinates": [ [ [ 11.564727556567878, 48.131372686108143 ], [ 11.564700635760529, 48.131433026685102 ], [ 11.564557100032852, 48.131404500558467 ], [ 11.564584020840201, 48.131344159947993 ], [ 11.564727556567878, 48.131372686108143 ] ] ] } },
{ "type": "Feature", "properties": { "building_id": 329, "floors": 4, "damage_level": 0.213, "building_type": "residential", "zoning_category": "mixed_use" }, "geometry": { "type": "Polygon", "coordinates": [ [ [ 11.565600025693895, 48.131340307667152 ], [ 11.56557144111132, 48.131475460980305 ], [ 11.565459511792424, 48.131464915831543 ], [ 11.565488096374999, 48.131329762490644 ], [ 11.565600025693895, 48.131340307667152 ] ] ] } },
{ "type": "Feature", "properties": { "building_id": 330, "floors": 2, "damage_level": 0.165, "building_type": "public", "zoning_category": "mixed_use" }, "geometry": { "type": "Polygon", "coordinates": [ [ [ 11.566599188998275, 48.131126421045145 ], [ 11.566650949657221, 48.13132041061106 ], [ 11.566353254198415, 48.131355794047025 ], [ 11.566301493539468, 48.131161804614777 ], [ 11.566599188998275, 48.131126421045145 ] ] ] } },
{ "type": "Feature", "properties": { "building_id": 331, "floors": 8, "damage_level": 0.385, "building_type": "commercial", "zoning_category": "mixed_use" }, "geometry": { "type": "Polygon", "coordinates": [ [ [ 11.56738447028367, 48.131271294746917 ], [ 11.567407858375068, 48.131462441850466 ], [ 11.567123397856401, 48.131477946183786 ], [ 11.567100009765003, 48.131286799137946 ], [ 11.56738447028367, 48.131271294746917 ] ] ] } },
{ "type": "Feature", "properties": { "building_id": 332, "floors": 1, "damage_level": 0.746, "building_type": "residential", "zoning_category": "residential" }, "geometry": { "type": "Polygon", "coordinates": [ [ [ 11.56817473040692, 48.131252377971826 ], [ 11.568192553008762, 48.131384219732205 ], [ 11.56798893835685, 48.131396480912031 ], [ 11.567971115755009, 48.131264639183115 ], [ 11.56817473040692, 48.131252377971826 ] ] ] } },
{ "type": "Feature", "properties": { "building_id": 333, "floors": 5, "damage_level": 0.759, "building_type": "residential", "zoning_category": "mixed_use" }, "geometry": { "type": "Polygon", "coordinates": [ [ [ 11.568911517906143, 48.131262152591383 ], [ 11.568916488518111, 48.131315681717943 ], [ 11.568690578163132, 48.131325026341422 ], [ 11.568685607551165, 48.131271497224589 ], [ 11.568911517906143, 48.131262152591383 ] ] ] } },
{ "type": "Feature", "properties": { "building_id": 334, "floors": 5, "damage_level": 0.055, "building_type": "residential", "zoning_category": "residential" }, "geometry": { "type": "Polygon", "coordinates": [ [ [ 11.569828115056097, 48.131308458333145 ], [ 11.56984073735064, 48.131366172795254 ], [ 11.56960317456967, 48.131389316726391 ], [ 11.569590552275127, 48.131331602290288 ], [ 11.569828115056097, 48.131308458333145 ] ] ] } },
{ "type": "Feature", "properties": { "building_id": 335, "floors": 2, "damage_level": 0.152, "building_type": "residential", "zoning_category": "mixed_use" }, "geometry": { "type": "Polygon", "coordinates": [ [ [ 11.570379899446323, 48.131312928625206 ], [ 11.570361708438094, 48.131393988781774 ], [ 11.570285605630092, 48.131386381056146 ], [ 11.570303796638319, 48.131305320887577 ], [ 11.570379899446323, 48.131312928625206 ] ] ] } },
{ "type": "Feature", "properties": { "building_id": 336, "floors": 6, "damage_level": 0.333, "building_type": "residential", "zoning_category": "residential" }, "geometry": { "type": "Polygon", "coordinates": [ [ [ 11.571441779934952, 48.131187699734767 ], [ 11.571391098239143, 48.131339464966217 ], [ 11.571288399187036, 48.131324187498798 ], [ 11.571339080882845, 48.131172422222193 ], [ 11.571441779934952, 48.131187699734767 ] ] ] } },
{ "type": "Feature", "properties": { "building_id": 337, "floors": 5, "damage_level": 0.807, "building_type": "residential", "zoning_category": "mixed_use" }, "geometry": { "type": "Polygon", "coordinates": [ [ [ 11.572007918915997, 48.131244083132188 ], [ 11.572046858798609, 48.131329439441664 ], [ 11.571882998951281, 48.131362738911548 ], [ 11.571844059068669, 48.131277382657416 ], [ 11.572007918915997, 48.131244083132188 ] ] ] } },
{ "type": "Feature", "properties": { "building_id": 338, "floors": 1, "damage_level": 0.276, "building_type": "industrial", "zoning_category": "industrial" }, "geometry": { "type": "Polygon", "coordinates": [ [ [ 11.57307494701138, 48.13121753831917 ], [ 11.573163601612293, 48.131529831992822 ], [ 11.572380385248698, 48.131628874791183 ], [ 11.572291730647784, 48.131316581719851 ], [ 11.57307494701138, 48.13121753831917 ] ] ] } },
{ "type": "Feature", "properties": { "building_id": 339, "floors": 5, "damage_level": 0.432, "building_type": "residential", "zoning_category": "residential" }, "geometry": { "type": "Polygon", "coordinates": [ [ [ 11.573625218672493, 48.131370285010192 ], [ 11.57356671171879, 48.131522917124826 ], [ 11.57334760573182, 48.131485504439098 ], [ 11.573406112685522, 48.131332872213271 ], [ 11.573625218672493, 48.131370285010192 ] ] ] } },
{ "type": "Feature", "properties": { "building_id": 340, "floors": 4, "damage_level": 0.559, "building_type": "commercial", "zoning_category": "commercial" }, "geometry": { "type": "Polygon", "coordinates": [ [ [ 11.574679427741268, 48.131158700826681 ], [ 11.574694502525945, 48.131363273517159 ], [ 11.574293338243228, 48.131376441871431 ], [ 11.574278263458554, 48.131171869233398 ], [ 11.574679427741268, 48.131158700826681 ] ] ] } },
{ "type": "Feature", "properties": { "building_id": 341, "floors": 2, "damage_level": 0.139, "building_type": "residential", "zoning_category": "mixed_use" }, "geometry": { "type": "Polygon", "coordinates": [ [ [ 11.575318743111982, 48.131401663504903 ], [ 11.575298125431086, 48.131450835527012 ], [ 11.575214462869871, 48.131435209208703 ], [ 11.575235080550769, 48.131386037171623 ], [ 11.575318743111982, 48.131401663504903 ] ] ] } },
{ "type": "Feature", "properties": { "building_id": 342, "floors": 2, "damage_level": 0.237, "building_type": "residential", "zoning_category": "mixed_use" }, "geometry": { "type": "Polygon", "coordinates": [ [ [ 11.575975775650868, 48.131238552074485 ], [ 11.575993924609781, 48.131312554960211 ], [ 11.575867861338159, 48.131326326982645 ], [ 11.575849712379245, 48.131252324116758 ], [ 11.575975775650868, 48.131238552074485 ] ] ] } },
{ "type": "Feature", "properties": { "building_id": 343, "floors": 4, "damage_level": 0.175, "building_type": "residential", "zoning_category": "residential" }, "geometry": { "type": "Polygon", "coordinates": [ [ [ 11.576985957694209, 48.131405538008309 ], [ 11.576957396087975, 48.131539717097404 ], [ 11.57680994601829, 48.131525735867243 ], [ 11.576838507624524, 48.131391556741619 ], [ 11.576985957694209, 48.131405538008309 ] ] ] } },
{ "type": "Feature", "properties": { "building_id": 344, "floors": 4, "damage_level": 0.295, "building_type": "commercial", "zoning_category": "mixed_use" }, "geometry": { "type": "Polygon", "coordinates": [ [ [ 11.577939292001968, 48.131349928435476 ], [ 11.577812870286053, 48.131620413978375 ], [ 11.57735862784538, 48.13152584090583 ], [ 11.577485049561295, 48.131255354864784 ], [ 11.577939292001968, 48.131349928435476 ] ] ] } },
{ "type": "Feature", "properties": { "building_id": 345, "floors": 3, "damage_level": 0.557, "building_type": "industrial", "zoning_category": "industrial" }, "geometry": { "type": "Polygon", "coordinates": [ [ [ 11.57897364971361, 48.1310657126769 ], [ 11.578830666098101, 48.131553951529561 ], [ 11.578013337624405, 48.131447327564167 ], [ 11.578156321239913, 48.130959087697754 ], [ 11.57897364971361, 48.1310657126769 ] ] ] } },
{ "type": "Feature", "properties": { "building_id": 346, "floors": 1, "damage_level": 0.551, "building_type": "public", "zoning_category": "public" }, "geometry": { "type": "Polygon", "coordinates": [ [ [ 11.561046041825085, 48.131789313648056 ], [ 11.560996920626323, 48.131997771728315 ], [ 11.560483335733155, 48.131943863158085 ], [ 11.560532456931918, 48.131735404858972 ], [ 11.561046041825085, 48.131789313648056 ] ] ] } },
{ "type": "Feature", "properties": { "building_id": 347, "floors": 3, "damage_level": 0.171, "building_type": "residential", "zoning_category": "residential" }, "geometry": { "type": "Polygon", "coordinates": [ [ [ 11.56170873210923, 48.131914746225668 ], [ 11.56166416404977, 48.132045418592718 ], [ 11.56154407548374, 48.132027173936265 ], [ 11.561588643543198, 48.131896501522796 ], [ 11.56170873210923, 48.131914746225668 ] ] ] } },
{ "type": "Feature", "properties": { "building_id": 348, "floors": 1, "damage_level": 0.185, "building_type": "commercial", "zoning_category": "mixed_use" }, "geometry": { "type": "Polygon", "coordinates": [ [ [ 11.562398346333087, 48.131830241790205 ], [ 11.562336249039175, 48.131983907015027 ], [ 11.561890742910172, 48.131903712211773 ], [ 11.561952840204084, 48.131750046746966 ], [ 11.562398346333087, 48.131830241790205 ] ] ] } },
{ "type": "Feature", "properties": { "building_id": 349, "floors": 10, "damage_level": 0.856, "building_type": "commercial", "zoning_category": "commercial" }, "geometry": { "type": "Polygon", "coordinates": [ [ [ 11.563415954647954, 48.131648793686722 ], [ 11.563482170060858, 48.131881832382398 ], [ 11.563176198043369, 48.131920559019342 ], [ 11.563109982630465, 48.131687520499412 ], [ 11.563415954647954, 48.131648793686722 ] ] ] } },
{ "type": "Feature", "properties": { "building_id": 350, "floors": 4, "damage_level": 0.513, "building_type": "commercial", "zoning_category": "mixed_use" }, "geometry": { "type": "Polygon", "coordinates": [ [ [ 11.564031580733252, 48.131695759573191 ], [ 11.563984942749608, 48.131894317423054 ], [ 11.563802633750415, 48.131875242722792 ], [ 11.563849271734059, 48.131676684799174 ], [ 11.564031580733252, 48.131695759573191 ] ] ] } },
{ "type": "Feature", "properties": { "building_id": 351, "floors": 2, "damage_level": 0.195, "building_type": "commercial", "zoning_category": "commercial" }, "geometry": { "type": "Polygon", "coordinates": [ [ [ 11.564650987546091, 48.131666412712512 ], [ 11.564760293262154, 48.131923317445903 ], [ 11.564485408094672, 48.131975415132629 ], [ 11.56437610237861, 48.131718510659887 ], [ 11.564650987546091, 48.131666412712512 ] ] ] } },
{ "type": "Feature", "properties": { "building_id": 352, "floors": 2, "damage_level": 0.523, "building_type": "residential", "zoning_category": "mixed_use" }, "geometry": { "type": "Polygon", "coordinates": [ [ [ 11.565645843609886, 48.131843301031118 ], [ 11.565622299700689, 48.131974179847873 ], [ 11.565407705820743, 48.131956984070584 ], [ 11.56543124972994, 48.131826105209988 ], [ 11.565645843609886, 48.131843301031118 ] ] ] } },
{ "type": "Feature", "properties": { "building_id": 353, "floors": 3, "damage_level": 0.813, "building_type": "public", "zoning_category": "public" }, "geometry": { "type": "Polygon", "coordinates": [ [ [ 11.566364657169965, 48.131705168676007 ], [ 11.566379529465724, 48.131917741517114 ], [ 11.566121748278395, 48.131925775259766 ], [ 11.566106875982635, 48.131713202451913 ], [ 11.566364657169965, 48.131705168676007 ] ] ] } },
{ "type": "Feature", "properties": { "building_id": 354, "floors": 2, "damage_level": 0.104, "building_type": "residential", "zoning_category": "residential" }, "geometry": { "type": "Polygon", "coordinates": [ [ [ 11.567275797480214, 48.131896361351792 ], [ 11.567293629054342, 48.131987410851245 ], [ 11.567094745521045, 48.132004761098763 ], [ 11.567076913946915, 48.131913711630084 ], [ 11.567275797480214, 48.131896361351792 ] ] ] } },
{ "type": "Feature", "properties": { "building_id": 355, "floors": 2, "damage_level": 0.588, "building_type": "residential", "zoning_category": "residential" }, "geometry": { "type": "Polygon", "coordinates": [ [ [ 11.568033587301127, 48.131912931079448 ], [ 11.568041959812673, 48.13205543095512 ], [ 11.567869987811186, 48.132059931787765 ], [ 11.567861615299639, 48.13191743192457 ], [ 11.568033587301127, 48.131912931079448 ] ] ] } },
{ "type": "Feature", "properties": { "building_id": 356, "floors": 3, "damage_level": 0.224, "building_type": "residential", "zoning_category": "residential" }, "geometry": { "type": "Polygon", "coordinates": [ [ [ 11.568863126911783, 48.131813079130758 ], [ 11.568899370483921, 48.131962108544222 ], [ 11.56866189724143, 48.131987834353758 ], [ 11.568625653669294, 48.131838805014958 ], [ 11.568863126911783, 48.131813079130758 ] ] ] } },
{ "type": "Feature", "properties": { "building_id": 357, "floors": 3, "damage_level": 0.793, "building_type": "residential", "zoning_category": "residential" }, "geometry": { "type": "Polygon", "coordinates": [ [ [ 11.569639319322469, 48.131849452100596 ], [ 11.56954955578323, 48.132020219567138 ], [ 11.569350051270604, 48.131973506074836 ], [ 11.569439814809844, 48.13180273845294 ], [ 11.569639319322469, 48.131849452100596 ] ] ] } },
{ "type": "Feature", "properties": { "building_id": 358, "floors": 6, "damage_level": 0.312, "building_type": "residential", "zoning_category": "residential" }, "geometry": { "type": "Polygon", "coordinates": [ [ [ 11.570544468892182, 48.131771505051525 ], [ 11.57055872972172, 48.131824065982705 ], [ 11.570442124607036, 48.131838158762953 ], [ 11.5704278637775, 48.131785597846189 ], [ 11.570544468892182, 48.131771505051525 ] ] ] } },
{ "type": "Feature", "properties": { "building_id": 359, "floors": 3, "damage_level": 0.237, "building_type": "public", "zoning_category": "public" }, "geometry": { "type": "Polygon", "coordinates": [ [ [ 11.571521551948083, 48.131671919509095 ], [ 11.571454584350709, 48.132054069720411 ], [ 11.571023804568421, 48.132020443274129 ], [ 11.571090772165794, 48.131638292812568 ], [ 11.571521551948083, 48.131671919509095 ] ] ] } },
{ "type": "Feature", "properties": { "building_id": 360, "floors": 3, "damage_level": 0.231, "building_type": "cultural", "zoning_category": "historical" }, "geometry": { "type": "Polygon", "coordinates": [ [ [ 11.572381198098272, 48.13188305090226 ], [ 11.572324515980892, 48.13205704499029 ], [ 11.571885953019708, 48.131993403877267 ], [ 11.571942635137088, 48.131819409573609 ], [ 11.572381198098272, 48.13188305090226 ] ] ] } },
{ "type": "Feature", "properties": { "building_id": 361, "floors": 3, "damage_level": 0.128, "building_type": "residential", "zoning_category": "mixed_use" }, "geometry": { "type": "Polygon", "coordinates": [ [ [ 11.572727681151578, 48.131754112492708 ], [ 11.572820203357578, 48.131928956917832 ], [ 11.572601377236323, 48.131980537860855 ], [ 11.572508855030323, 48.131805693611355 ], [ 11.572727681151578, 48.131754112492708 ] ] ] } },
{ "type": "Feature", "properties": { "building_id": 362, "floors": 4, "damage_level": 0.487, "building_type": "public", "zoning_category": "public" }, "geometry": { "type": "Polygon", "coordinates": [ [ [ 11.573749713037653, 48.131721572678224 ], [ 11.573732989197648, 48.131855024582514 ], [ 11.573178628329556, 48.13182407882308 ], [ 11.573195352169561, 48.131690626838363 ], [ 11.573749713037653, 48.131721572678224 ] ] ] } },
{ "type": "Feature", "properties": { "building_id": 363, "floors": 5, "damage_level": 0.471, "building_type": "commercial", "zoning_category": "commercial" }, "geometry": { "type": "Polygon", "coordinates": [ [ [ 11.574703891097071, 48.131736699060014 ], [ 11.574813343871416, 48.132019928458618 ], [ 11.574451330980276, 48.132082245565094 ], [ 11.574341878205932, 48.131799016510215 ], [ 11.574703891097071, 48.131736699060014 ] ] ] } },
{ "type": "Feature", "properties": { "building_id": 364, "floors": 8, "damage_level": 0.541, "building_type": "residential", "zoning_category": "mixed_use" }, "geometry": { "type": "Polygon", "coordinates": [ [ [ 11.575486504923203, 48.131839153516424 ], [ 11.575445898922561, 48.131916782403223 ], [ 11.57528854313431, 48.131880117910946 ], [ 11.575329149134953, 48.131802488968717 ], [ 11.575486504923203, 48.131839153516424 ] ] ] } },
{ "type": "Feature", "properties": { "building_id": 365, "floors": 6, "damage_level": 0.758, "building_type": "residential", "zoning_category": "residential" }, "geometry": { "type": "Polygon", "coordinates": [ [ [ 11.576226108702603, 48.13183973704033 ], [ 11.576269067539181, 48.131942444361158 ], [ 11.576055729843011, 48.131982192258 ], [ 11.576012771006432, 48.131879485016668 ], [ 11.576226108702603, 48.13183973704033 ] ] ] } },
{ "type": "Feature", "properties": { "building_id": 366, "floors": 3, "damage_level": 0.226, "building_type": "cultural", "zoning_category": "public" }, "geometry": { "type": "Polygon", "coordinates": [ [ [ 11.576829231520762, 48.131862454899824 ], [ 11.576815523418686, 48.13199421461308 ], [ 11.576594754245191, 48.131983983378987 ], [ 11.576608462347263, 48.131852223639477 ], [ 11.576829231520762, 48.131862454899824 ] ] ] } },
{ "type": "Feature", "properties": { "building_id": 367, "floors": 2, "damage_level": 0.551, "building_type": "industrial", "zoning_category": "industrial" }, "geometry": { "type": "Polygon", "coordinates": [ [ [ 11.577894926377391, 48.131861176056518 ], [ 11.577876757357378, 48.13201920808293 ], [ 11.577434049233069, 48.131996535628993 ], [ 11.577452218253081, 48.131838503532805 ], [ 11.577894926377391, 48.131861176056518 ] ] ] } },
{ "type": "Feature", "properties": { "building_id": 368, "floors": 4, "damage_level": 0.324, "building_type": "residential", "zoning_category": "mixed_use" }, "geometry": { "type": "Polygon", "coordinates": [ [ [ 11.57874917858649, 48.131925139056804 ], [ 11.578683203366174, 48.132110663960269 ], [ 11.578446596036134, 48.13207318391526 ], [ 11.57851257125645, 48.131887658876387 ], [ 11.57874917858649, 48.131925139056804 ] ] ] } },
{ "type": "Feature", "properties": { "building_id": 369, "floors": 2, "damage_level": 0.821, "building_type": "commercial", "zoning_category": "mixed_use" }, "geometry": { "type": "Polygon", "coordinates": [ [ [ 11.560886739011517, 48.132228391578295 ], [ 11.560862785635186, 48.132442313332376 ], [ 11.560691016981391, 48.132433746044491 ], [ 11.560714970357722, 48.132219824254719 ], [ 11.560886739011517, 48.132228391578295 ] ] ] } },
{ "type": "Feature", "properties": { "building_id": 370, "floors": 4, "damage_level": 0.1, "building_type": "public", "zoning_category": "public" }, "geometry": { "type": "Polygon", "coordinates": [ [ [ 11.56186814250356, 48.132281846785183 ], [ 11.561766801441463, 48.132527677735744 ], [ 11.561267996964816, 48.132436083965153 ], [ 11.561369338026912, 48.132190252576109 ], [ 11.56186814250356, 48.132281846785183 ] ] ] } },
{ "type": "Feature", "properties": { "building_id": 371, "floors": 1, "damage_level": 0.294, "building_type": "commercial", "zoning_category": "commercial" }, "geometry": { "type": "Polygon", "coordinates": [ [ [ 11.562346901041325, 48.13230237562464 ], [ 11.56240213974648, 48.132621551564291 ], [ 11.562087973508298, 48.132645770652701 ], [ 11.562032734803143, 48.132326594863599 ], [ 11.562346901041325, 48.13230237562464 ] ] ] } },
{ "type": "Feature", "properties": { "building_id": 372, "floors": 3, "damage_level": 0.317, "building_type": "public", "zoning_category": "public" }, "geometry": { "type": "Polygon", "coordinates": [ [ [ 11.563392427150211, 48.132281558502505 ], [ 11.563531386720715, 48.132674646959053 ], [ 11.56309114300722, 48.132743969663309 ], [ 11.562952183436716, 48.132350881737423 ], [ 11.563392427150211, 48.132281558502505 ] ] ] } },
{ "type": "Feature", "properties": { "building_id": 373, "floors": 7, "damage_level": 0.25, "building_type": "residential", "zoning_category": "mixed_use" }, "geometry": { "type": "Polygon", "coordinates": [ [ [ 11.56421318437328, 48.132237426811471 ], [ 11.564223952054693, 48.132408151872745 ], [ 11.563977479145644, 48.132415076272025 ], [ 11.56396671146423, 48.132244351233766 ], [ 11.56421318437328, 48.132237426811471 ] ] ] } },
{ "type": "Feature", "properties": { "building_id": 374, "floors": 3, "damage_level": 0.876, "building_type": "residential", "zoning_category": "mixed_use" }, "geometry": { "type": "Polygon", "coordinates": [ [ [ 11.564780533362857, 48.132316932668772 ], [ 11.564802600856668, 48.13242306101634 ], [ 11.564584314804163, 48.132443278868131 ], [ 11.564562247310352, 48.132337150562343 ], [ 11.564780533362857, 48.132316932668772 ] ] ] } },
{ "type": "Feature", "properties": { "building_id": 375, "floors": 3, "damage_level": 0.541, "building_type": "residential", "zoning_category": "mixed_use" }, "geometry": { "type": "Polygon", "coordinates": [ [ [ 11.565739492603637, 48.132459638129376 ], [ 11.565752133360279, 48.132520412144025 ], [ 11.565653380755236, 48.132529561474691 ], [ 11.565640739998594, 48.132468787470863 ], [ 11.565739492603637, 48.132459638129376 ] ] ] } },
{ "type": "Feature", "properties": { "building_id": 376, "floors": 2, "damage_level": 0.296, "building_type": "residential", "zoning_category": "mixed_use" }, "geometry": { "type": "Polygon", "coordinates": [ [ [ 11.566302598698492, 48.132435217263712 ], [ 11.566283781573889, 48.132482034129737 ], [ 11.566160283452975, 48.132459923678169 ], [ 11.566179100577575, 48.132413106791965 ], [ 11.566302598698492, 48.132435217263712 ] ] ] } },
{ "type": "Feature", "properties": { "building_id": 377, "floors": 4, "damage_level": 0.816, "building_type": "residential", "zoning_category": "mixed_use" }, "geometry": { "type": "Polygon", "coordinates": [ [ [ 11.567223847036878, 48.132403717159853 ], [ 11.567194995713322, 48.132567917480195 ], [ 11.567041816968906, 48.132555928683701 ], [ 11.567070668292462, 48.132391728325011 ], [ 11.567223847036878, 48.132403717159853 ] ] ] } },
{ "type": "Feature", "properties": { "building_id": 378, "floors": 1, "damage_level": 0.522, "building_type": "industrial", "zoning_category": "industrial" }, "geometry": { "type": "Polygon", "coordinates": [ [ [ 11.568347798129674, 48.132093192955885 ], [ 11.568521810875762, 48.132630655903341 ], [ 11.567476024302959, 48.132781476537652 ], [ 11.567302011556871, 48.13224401516878 ], [ 11.568347798129674, 48.132093192955885 ] ] ] } },
{ "type": "Feature", "properties": { "building_id": 379, "floors": 1, "damage_level": 0.529, "building_type": "industrial", "zoning_category": "industrial" }, "geometry": { "type": "Polygon", "coordinates": [ [ [ 11.569029585786923, 48.132134290952806 ], [ 11.569125749797902, 48.132666939509022 ], [ 11.568539622692102, 48.132714075060846 ], [ 11.568443458681122, 48.132181426993576 ], [ 11.569029585786923, 48.132134290952806 ] ] ] } },
{ "type": "Feature", "properties": { "building_id": 380, "floors": 2, "damage_level": 0.293, "building_type": "cultural", "zoning_category": "historical" }, "geometry": { "type": "Polygon", "coordinates": [ [ [ 11.569659222512861, 48.132241039363095 ], [ 11.569548891349699, 48.132520052313311 ], [ 11.569263519255752, 48.132469786566887 ], [ 11.569373850418916, 48.132190773343552 ], [ 11.569659222512861, 48.132241039363095 ] ] ] } },
{ "type": "Feature", "properties": { "building_id": 381, "floors": 2, "damage_level": 0.671, "building_type": "residential", "zoning_category": "mixed_use" }, "geometry": { "type": "Polygon", "coordinates": [ [ [ 11.570527035575873, 48.132322212162258 ], [ 11.570557660771605, 48.132413009748994 ], [ 11.570455076440426, 48.13242842225057 ], [ 11.570424451244692, 48.132337624691083 ], [ 11.570527035575873, 48.132322212162258 ] ] ] } },
{ "type": "Feature", "properties": { "building_id": 382, "floors": 8, "damage_level": 0.232, "building_type": "commercial", "zoning_category": "commercial" }, "geometry": { "type": "Polygon", "coordinates": [ [ [ 11.571604579254638, 48.132496673785553 ], [ 11.571534757887253, 48.132661799089426 ], [ 11.571127825469656, 48.132585154581648 ], [ 11.571197646837039, 48.132420029031309 ], [ 11.571604579254638, 48.132496673785553 ] ] ] } },
{ "type": "Feature", "properties": { "building_id": 383, "floors": 4, "damage_level": 0.05, "building_type": "cultural", "zoning_category": "historical" }, "geometry": { "type": "Polygon", "coordinates": [ [ [ 11.572128620851098, 48.132304173055083 ], [ 11.572167387484136, 48.132450709840064 ], [ 11.571966419939223, 48.13247439217124 ], [ 11.571927653306185, 48.132327855453852 ], [ 11.572128620851098, 48.132304173055083 ] ] ] } },
{ "type": "Feature", "properties": { "building_id": 384, "floors": 1, "damage_level": 0.576, "building_type": "industrial", "zoning_category": "industrial" }, "geometry": { "type": "Polygon", "coordinates": [ [ [ 11.573066865439102, 48.13224767597351 ], [ 11.573216107836668, 48.132589432455724 ], [ 11.572802794765058, 48.13266982947269 ], [ 11.572653552367493, 48.132328073525557 ], [ 11.573066865439102, 48.13224767597351 ] ] ] } },
{ "type": "Feature", "properties": { "building_id": 385, "floors": 1, "damage_level": 0.485, "building_type": "residential", "zoning_category": "mixed_use" }, "geometry": { "type": "Polygon", "coordinates": [ [ [ 11.573597834076581, 48.132321213140521 ], [ 11.573557184815742, 48.132462087519592 ], [ 11.573347982186268, 48.13243519850586 ], [ 11.573388631447107, 48.132294324053028 ], [ 11.573597834076581, 48.132321213140521 ] ] ] } },
{ "type": "Feature", "properties": { "building_id": 386, "floors": 6, "damage_level": 0.101, "building_type": "commercial", "zoning_category": "commercial" }, "geometry": { "type": "Polygon", "coordinates": [ [ [ 11.574707942798689, 48.132298258428037 ], [ 11.574778994399422, 48.132500888125335 ], [ 11.574372533025729, 48.132564373892258 ], [ 11.574301481424994, 48.132361744445483 ], [ 11.574707942798689, 48.132298258428037 ] ] ] } },
{ "type": "Feature", "properties": { "building_id": 387, "floors": 2, "damage_level": 0.263, "building_type": "commercial", "zoning_category": "commercial" }, "geometry": { "type": "Polygon", "coordinates": [ [ [ 11.575375836239518, 48.132289317436133 ], [ 11.575335889450509, 48.132590846896726 ], [ 11.575019763994034, 48.132572191814951 ], [ 11.575059710783044, 48.132270662244821 ], [ 11.575375836239518, 48.132289317436133 ] ] ] } },
{ "type": "Feature", "properties": { "building_id": 388, "floors": 1, "damage_level": 0.829, "building_type": "industrial", "zoning_category": "industrial" }, "geometry": { "type": "Polygon", "coordinates": [ [ [ 11.576657969564923, 48.132416789658279 ], [ 11.576666827695099, 48.132663506623217 ], [ 11.575777145531154, 48.132677735214074 ], [ 11.575768287400978, 48.13243101831749 ], [ 11.576657969564923, 48.132416789658279 ] ] ] } },
{ "type": "Feature", "properties": { "building_id": 389, "floors": 5, "damage_level": 0.659, "building_type": "commercial", "zoning_category": "commercial" }, "geometry": { "type": "Polygon", "coordinates": [ [ [ 11.576927157987988, 48.13239276892412 ], [ 11.577007194764176, 48.132592396341352 ], [ 11.576593664980894, 48.132666248111185 ], [ 11.576513628204708, 48.132466620981063 ], [ 11.576927157987988, 48.13239276892412 ] ] ] } },
{ "type": "Feature", "properties": { "building_id": 390, "floors": 4, "damage_level": 0.121, "building_type": "public", "zoning_category": "mixed_use" }, "geometry": { "type": "Polygon", "coordinates": [ [ [ 11.577915908918174, 48.132321185841931 ], [ 11.577932787165699, 48.132555235148288 ], [ 11.577572766408172, 48.132566799819415 ], [ 11.577555888160648, 48.132332750565759 ], [ 11.577915908918174, 48.132321185841931 ] ] ] } },
{ "type": "Feature", "properties": { "building_id": 391, "floors": 2, "damage_level": 0.395, "building_type": "residential", "zoning_category": "mixed_use" }, "geometry": { "type": "Polygon", "coordinates": [ [ [ 11.578567052909598, 48.132284222802028 ], [ 11.578543870762767, 48.132482649084857 ], [ 11.578352594938419, 48.132472694997283 ], [ 11.578375777085252, 48.132274268675978 ], [ 11.578567052909598, 48.132284222802028 ] ] ] } },
{ "type": "Feature", "properties": { "building_id": 392, "floors": 2, "damage_level": 0.463, "building_type": "public", "zoning_category": "mixed_use" }, "geometry": { "type": "Polygon", "coordinates": [ [ [ 11.56099342878988, 48.132847347016479 ], [ 11.561014237905841, 48.133295441662717 ], [ 11.560661614305934, 48.133302735723952 ], [ 11.560640805189973, 48.13285464114135 ], [ 11.56099342878988, 48.132847347016479 ] ] ] } },
{ "type": "Feature", "properties": { "building_id": 393, "floors": 1, "damage_level": 0.298, "building_type": "industrial", "zoning_category": "industrial" }, "geometry": { "type": "Polygon", "coordinates": [ [ [ 11.561750197938434, 48.132891086100557 ], [ 11.561672782098233, 48.133098601082175 ], [ 11.561161607457594, 48.133013658290068 ], [ 11.561239023297794, 48.132806142965173 ], [ 11.561750197938434, 48.132891086100557 ] ] ] } },
{ "type": "Feature", "properties": { "building_id": 394, "floors": 1, "damage_level": 0.345, "building_type": "public", "zoning_category": "mixed_use" }, "geometry": { "type": "Polygon", "coordinates": [ [ [ 11.562619731445398, 48.132965272816769 ], [ 11.562669407901526, 48.133103493822048 ], [ 11.562048544020797, 48.133202885187096 ], [ 11.56199886756467, 48.133064664449357 ], [ 11.562619731445398, 48.132965272816769 ] ] ] } },
{ "type": "Feature", "properties": { "building_id": 395, "floors": 6, "damage_level": 0.094, "building_type": "residential", "zoning_category": "mixed_use" }, "geometry": { "type": "Polygon", "coordinates": [ [ [ 11.563336714776439, 48.132928830486819 ], [ 11.563327828266122, 48.132986216122411 ], [ 11.563255445510608, 48.132981223359423 ], [ 11.563264332020925, 48.132923837718259 ], [ 11.563336714776439, 48.132928830486819 ] ] ] } },
{ "type": "Feature", "properties": { "building_id": 396, "floors": 4, "damage_level": 0.271, "building_type": "public", "zoning_category": "public" }, "geometry": { "type": "Polygon", "coordinates": [ [ [ 11.563944688479548, 48.132773666223912 ], [ 11.563962914107954, 48.132969619592714 ], [ 11.563780204516892, 48.132977189136774 ], [ 11.563761978888488, 48.132781235796855 ], [ 11.563944688479548, 48.132773666223912 ] ] ] } },
{ "type": "Feature", "properties": { "building_id": 397, "floors": 5, "damage_level": 0.559, "building_type": "residential", "zoning_category": "residential" }, "geometry": { "type": "Polygon", "coordinates": [ [ [ 11.564957421719331, 48.133018322459925 ], [ 11.564903392469683, 48.133131934917238 ], [ 11.56481656157832, 48.133113541905132 ], [ 11.564870590827967, 48.132999929407134 ], [ 11.564957421719331, 48.133018322459925 ] ] ] } },
{ "type": "Feature", "properties": { "building_id": 398, "floors": 2, "damage_level": 0.091, "building_type": "residential", "zoning_category": "mixed_use" }, "geometry": { "type": "Polygon", "coordinates": [ [ [ 11.565737294706786, 48.132828506831707 ], [ 11.565724465884214, 48.13295595838057 ], [ 11.565601145478434, 48.132950429270672 ], [ 11.565613974301005, 48.132822977708088 ], [ 11.565737294706786, 48.132828506831707 ] ] ] } },
{ "type": "Feature", "properties": { "building_id": 399, "floors": 3, "damage_level": 0.731, "building_type": "public", "zoning_category": "mixed_use" }, "geometry": { "type": "Polygon", "coordinates": [ [ [ 11.56633679059977, 48.13289262679718 ], [ 11.566387828927086, 48.133013277870106 ], [ 11.56611131217141, 48.133065381028501 ], [ 11.566060273844093, 48.13294473007798 ], [ 11.56633679059977, 48.13289262679718 ] ] ] } },
{ "type": "Feature", "properties": { "building_id": 400, "floors": 6, "damage_level": 0.439, "building_type": "commercial", "zoning_category": "mixed_use" }, "geometry": { "type": "Polygon", "coordinates": [ [ [ 11.567257018966725, 48.132779351695895 ], [ 11.567386130302115, 48.133083426236688 ], [ 11.567227102341239, 48.133113503259075 ], [ 11.56709799100585, 48.132809428896387 ], [ 11.567257018966725, 48.132779351695895 ] ] ] } },
{ "type": "Feature", "properties": { "building_id": 401, "floors": 4, "damage_level": 0.656, "building_type": "residential", "zoning_category": "residential" }, "geometry": { "type": "Polygon", "coordinates": [ [ [ 11.56796846882758, 48.133002283304059 ], [ 11.567947110499459, 48.133176493395069 ], [ 11.567715096836125, 48.133163823220443 ], [ 11.567736455164246, 48.132989613086444 ], [ 11.56796846882758, 48.133002283304059 ] ] ] } },
{ "type": "Feature", "properties": { "building_id": 402, "floors": 1, "damage_level": 0.246, "building_type": "industrial", "zoning_category": "industrial" }, "geometry": { "type": "Polygon", "coordinates": [ [ [ 11.569324786268018, 48.13296011121907 ], [ 11.56924531559692, 48.13321526595734 ], [ 11.568517897965737, 48.133114349448405 ], [ 11.568597368636835, 48.132859194208685 ], [ 11.569324786268018, 48.13296011121907 ] ] ] } },
{ "type": "Feature", "properties": { "building_id": 403, "floors": 2, "damage_level": 0.194, "building_type": "residential", "zoning_category": "residential" }, "geometry": { "type": "Polygon", "coordinates": [ [ [ 11.569607415439016, 48.132826856702486 ], [ 11.569592875439779, 48.132948561324099 ], [ 11.56939730206399, 48.132938153839859 ], [ 11.569411842063229, 48.132816449193569 ], [ 11.569607415439016, 48.132826856702486 ] ] ] } },
{ "type": "Feature", "properties": { "building_id": 404, "floors": 1, "damage_level": 0.102, "building_type": "industrial", "zoning_category": "industrial" }, "geometry": { "type": "Polygon", "coordinates": [ [ [ 11.570734216048628, 48.132943058598258 ], [ 11.570636583598755, 48.133243710039032 ], [ 11.569973087759518, 48.133147738171921 ], [ 11.570070720209388, 48.132847086169207 ], [ 11.570734216048628, 48.132943058598258 ] ] ] } },
{ "type": "Feature", "properties": { "building_id": 405, "floors": 2, "damage_level": 0.795, "building_type": "residential", "zoning_category": "mixed_use" }, "geometry": { "type": "Polygon", "coordinates": [ [ [ 11.571153218554244, 48.132924196167387 ], [ 11.571147019354452, 48.133001619062348 ], [ 11.570973768064746, 48.132995440032168 ], [ 11.570979967264536, 48.132918017127878 ], [ 11.571153218554244, 48.132924196167387 ] ] ] } },
{ "type": "Feature", "properties": { "building_id": 406, "floors": 3, "damage_level": 0.422, "building_type": "residential", "zoning_category": "residential" }, "geometry": { "type": "Polygon", "coordinates": [ [ [ 11.572016027548386, 48.132796102992081 ], [ 11.572092223054158, 48.132946397531256 ], [ 11.5718652387894, 48.132997655397077 ], [ 11.571789043283628, 48.132847361007933 ], [ 11.572016027548386, 48.132796102992081 ] ] ] } },
{ "type": "Feature", "properties": { "building_id": 407, "floors": 1, "damage_level": 0.083, "building_type": "cultural", "zoning_category": "historical" }, "geometry": { "type": "Polygon", "coordinates": [ [ [ 11.572874580704116, 48.13282322972691 ], [ 11.572960838052555, 48.133135841742721 ], [ 11.572541339730499, 48.133187399825424 ], [ 11.572455082382056, 48.132874788123502 ], [ 11.572874580704116, 48.13282322972691 ] ] ] } },
{ "type": "Feature", "properties": { "building_id": 408, "floors": 5, "damage_level": 0.114, "building_type": "residential", "zoning_category": "residential" }, "geometry": { "type": "Polygon", "coordinates": [ [ [ 11.573790268368894, 48.132915934400714 ], [ 11.573768893354647, 48.133098286891787 ], [ 11.573625026171323, 48.133090775284387 ], [ 11.573646401185568, 48.13290842276664 ], [ 11.573790268368894, 48.132915934400714 ] ] ] } },
{ "type": "Feature", "properties": { "building_id": 409, "floors": 2, "damage_level": 0.309, "building_type": "residential", "zoning_category": "mixed_use" }, "geometry": { "type": "Polygon", "coordinates": [ [ [ 11.574378090669391, 48.132878734836986 ], [ 11.574398634406927, 48.132970699127874 ], [ 11.574231991344341, 48.132987280694955 ], [ 11.574211447606805, 48.132895316433753 ], [ 11.574378090669391, 48.132878734836986 ] ] ] } },
{ "type": "Feature", "properties": { "building_id": 410, "floors": 2, "damage_level": 0.587, "building_type": "residential", "zoning_category": "mixed_use" }, "geometry": { "type": "Polygon", "coordinates": [ [ [ 11.575516578980542, 48.13281643968223 ], [ 11.575516228251812, 48.132954574138182 ], [ 11.575286380204586, 48.132954314188801 ], [ 11.575286730933316, 48.13281617973216 ], [ 11.575516578980542, 48.13281643968223 ] ] ] } },
{ "type": "Feature", "properties": { "building_id": 411, "floors": 2, "damage_level": 0.061, "building_type": "public", "zoning_category": "public" }, "geometry": { "type": "Polygon", "coordinates": [ [ [ 11.576090076293893, 48.132913760608311 ], [ 11.576188658057735, 48.133138103131493 ], [ 11.575836277940025, 48.133207074999646 ], [ 11.575737696176182, 48.132982732777798 ], [ 11.576090076293893, 48.132913760608311 ] ] ] } },
{ "type": "Feature", "properties": { "building_id": 412, "floors": 4, "damage_level": 0.145, "building_type": "residential", "zoning_category": "mixed_use" }, "geometry": { "type": "Polygon", "coordinates": [ [ [ 11.577053377310905, 48.132862442190728 ], [ 11.576988107835135, 48.133039970098807 ], [ 11.576892761842521, 48.133024355768519 ], [ 11.576958031318291, 48.132846827806453 ], [ 11.577053377310905, 48.132862442190728 ] ] ] } },
{ "type": "Feature", "properties": { "building_id": 413, "floors": 1, "damage_level": 0.06, "building_type": "industrial", "zoning_category": "industrial" }, "geometry": { "type": "Polygon", "coordinates": [ [ [ 11.57818584055161, 48.132729488230666 ], [ 11.578156738993922, 48.133110043456753 ], [ 11.577473635126724, 48.133086775276304 ], [ 11.577502736684412, 48.132706219877768 ], [ 11.57818584055161, 48.132729488230666 ] ] ] } },
{ "type": "Feature", "properties": { "building_id": 414, "floors": 1, "damage_level": 0.71, "building_type": "cultural", "zoning_category": "public" }, "geometry": { "type": "Polygon", "coordinates": [ [ [ 11.578550148283288, 48.13279477208691 ], [ 11.578493559679085, 48.132943073434234 ], [ 11.578264156876477, 48.132904082678991 ], [ 11.578320745480678, 48.132755781219061 ], [ 11.578550148283288, 48.13279477208691 ] ] ] } },
{ "type": "Feature", "properties": { "building_id": 415, "floors": 4, "damage_level": 0.336, "building_type": "commercial", "zoning_category": "commercial" }, "geometry": { "type": "Polygon", "coordinates": [ [ [ 11.560823784707056, 48.133440504979852 ], [ 11.560804735520259, 48.133554201250575 ], [ 11.560316915668418, 48.13351779648503 ], [ 11.560335964855215, 48.133404100133696 ], [ 11.560823784707056, 48.133440504979852 ] ] ] } },
{ "type": "Feature", "properties": { "building_id": 416, "floors": 8, "damage_level": 0.191, "building_type": "commercial", "zoning_category": "commercial" }, "geometry": { "type": "Polygon", "coordinates": [ [ [ 11.561849791719551, 48.133335844174333 ], [ 11.561782857855098, 48.133564558921016 ], [ 11.561487199816224, 48.133526019046819 ], [ 11.561554133680675, 48.133297304128476 ], [ 11.561849791719551, 48.133335844174333 ] ] ] } },
{ "type": "Feature", "properties": { "building_id": 417, "floors": 1, "damage_level": 0.349, "building_type": "commercial", "zoning_category": "mixed_use" }, "geometry": { "type": "Polygon", "coordinates": [ [ [ 11.562455140074679, 48.13352349922485 ], [ 11.562432662056855, 48.133655809430252 ], [ 11.562142168036777, 48.13363382735394 ], [ 11.562164646054603, 48.133501517091894 ], [ 11.562455140074679, 48.13352349922485 ] ] ] } },
{ "type": "Feature", "properties": { "building_id": 418, "floors": 1, "damage_level": 0.705, "building_type": "industrial", "zoning_category": "industrial" }, "geometry": { "type": "Polygon", "coordinates": [ [ [ 11.563584325885698, 48.133381099706121 ], [ 11.563503984283885, 48.13358495870137 ], [ 11.562480154266902, 48.133405234120268 ], [ 11.562560495868714, 48.133201374411492 ], [ 11.563584325885698, 48.133381099706121 ] ] ] } },
{ "type": "Feature", "properties": { "building_id": 419, "floors": 8, "damage_level": 0.112, "building_type": "commercial", "zoning_category": "mixed_use" }, "geometry": { "type": "Polygon", "coordinates": [ [ [ 11.564036761269156, 48.133282857123419 ], [ 11.563951288661805, 48.133569256082247 ], [ 11.563513036234033, 48.133510998968532 ], [ 11.563598508841384, 48.133224599684773 ], [ 11.564036761269156, 48.133282857123419 ] ] ] } },
{ "type": "Feature", "properties": { "building_id": 420, "floors": 5, "damage_level": 0.694, "building_type": "commercial", "zoning_category": "mixed_use" }, "geometry": { "type": "Polygon", "coordinates": [ [ [ 11.564963922004782, 48.133369154930563 ], [ 11.56500610418257, 48.133544127030184 ], [ 11.564667878435817, 48.133580446167869 ], [ 11.564625696258027, 48.13340547419201 ], [ 11.564963922004782, 48.133369154930563 ] ] ] } },
{ "type": "Feature", "properties": { "building_id": 421, "floors": 2, "damage_level": 0.072, "building_type": "residential", "zoning_category": "mixed_use" }, "geometry": { "type": "Polygon", "coordinates": [ [ [ 11.565610647218522, 48.133352621343036 ], [ 11.565631655838605, 48.133435304492423 ], [ 11.56553186962241, 48.133446597803676 ], [ 11.565510861002327, 48.133363914672479 ], [ 11.565610647218522, 48.133352621343036 ] ] ] } },
{ "type": "Feature", "properties": { "building_id": 422, "floors": 5, "damage_level": 0.433, "building_type": "commercial", "zoning_category": "commercial" }, "geometry": { "type": "Polygon", "coordinates": [ [ [ 11.56630453147096, 48.133303503879439 ], [ 11.56637890627108, 48.133456743711037 ], [ 11.566198667736707, 48.133495708455975 ], [ 11.566124292936587, 48.133342468740665 ], [ 11.56630453147096, 48.133303503879439 ] ] ] } },
{ "type": "Feature", "properties": { "building_id": 423, "floors": 2, "damage_level": 0.52, "building_type": "residential", "zoning_category": "residential" }, "geometry": { "type": "Polygon", "coordinates": [ [ [ 11.567181220807907, 48.133453361786522 ], [ 11.567146580207195, 48.133531751356237 ], [ 11.567040384940585, 48.133510848722715 ], [ 11.567075025541296, 48.133432459121082 ], [ 11.567181220807907, 48.133453361786522 ] ] ] } },
{ "type": "Feature", "properties": { "building_id": 424, "floors": 3, "damage_level": 0.21, "building_type": "residential", "zoning_category": "mixed_use" }, "geometry": { "type": "Polygon", "coordinates": [ [ [ 11.56796979878791, 48.133462479758606 ], [ 11.567958784107178, 48.1335155482993 ], [ 11.567877511544536, 48.133508034708406 ], [ 11.56788852622527, 48.133454966159938 ], [ 11.56796979878791, 48.133462479758606 ] ] ] } },
{ "type": "Feature", "properties": { "building_id": 425, "floors": 3, "damage_level": 0.635, "building_type": "public", "zoning_category": "mixed_use" }, "geometry": { "type": "Polygon", "coordinates": [ [ [ 11.568847892020079, 48.133543494181346 ], [ 11.568785869023838, 48.133697927335859 ], [ 11.568554056669196, 48.133656459145008 ], [ 11.568616079665437, 48.133502025865781 ], [ 11.568847892020079, 48.133543494181346 ] ] ] } },
{ "type": "Feature", "properties": { "building_id": 426, "floors": 4, "damage_level": 0.298, "building_type": "residential", "zoning_category": "residential" }, "geometry": { "type": "Polygon", "coordinates": [ [ [ 11.56970035428377, 48.133349449118434 ], [ 11.569725752112403, 48.133454403438265 ], [ 11.569523919653873, 48.133476158345381 ], [ 11.569498521825242, 48.133371204070045 ], [ 11.56970035428377, 48.133349449118434 ] ] ] } },
{ "type": "Feature", "properties": { "building_id": 427, "floors": 2, "damage_level": 0.965, "building_type": "cultural", "zoning_category": "public" }, "geometry": { "type": "Polygon", "coordinates": [ [ [ 11.570424092022561, 48.133485361150029 ], [ 11.570381542419721, 48.133779414815784 ], [ 11.570137320181084, 48.133763674279152 ], [ 11.570179869783921, 48.13346962052325 ], [ 11.570424092022561, 48.133485361150029 ] ] ] } },
{ "type": "Feature", "properties": { "building_id": 428, "floors": 2, "damage_level": 0.547, "building_type": "commercial", "zoning_category": "mixed_use" }, "geometry": { "type": "Polygon", "coordinates": [ [ [ 11.571427856557813, 48.133375653446471 ], [ 11.571283718155774, 48.133683046428523 ], [ 11.570950423453754, 48.133613434848215 ], [ 11.571094561855791, 48.133306041449437 ], [ 11.571427856557813, 48.133375653446471 ] ] ] } },
{ "type": "Feature", "properties": { "building_id": 429, "floors": 3, "damage_level": 0.534, "building_type": "residential", "zoning_category": "mixed_use" }, "geometry": { "type": "Polygon", "coordinates": [ [ [ 11.572079124399526, 48.133505443369927 ], [ 11.572118449084535, 48.133626835694614 ], [ 11.572003675945425, 48.133643396498407 ], [ 11.571964351260414, 48.133522004212892 ], [ 11.572079124399526, 48.133505443369927 ] ] ] } },
{ "type": "Feature", "properties": { "building_id": 430, "floors": 4, "damage_level": 0.219, "building_type": "residential", "zoning_category": "residential" }, "geometry": { "type": "Polygon", "coordinates": [ [ [ 11.573017385724055, 48.133439305240636 ], [ 11.572943198771986, 48.133639742141952 ], [ 11.572851461488735, 48.133624618266197 ], [ 11.572925648440803, 48.133424181305848 ], [ 11.573017385724055, 48.133439305240636 ] ] ] } },
{ "type": "Feature", "properties": { "building_id": 431, "floors": 2, "damage_level": 0.583, "building_type": "commercial", "zoning_category": "mixed_use" }, "geometry": { "type": "Polygon", "coordinates": [ [ [ 11.573698365565129, 48.133418398582712 ], [ 11.573798780329097, 48.133610147918731 ], [ 11.57364571533534, 48.133645851124079 ], [ 11.573545300571372, 48.133454101921394 ], [ 11.573698365565129, 48.133418398582712 ] ] ] } },
{ "type": "Feature", "properties": { "building_id": 432, "floors": 4, "damage_level": 0.234, "building_type": "commercial", "zoning_category": "commercial" }, "geometry": { "type": "Polygon", "coordinates": [ [ [ 11.574496972453233, 48.133492309392736 ], [ 11.574445978972481, 48.133629032860995 ], [ 11.574269736404649, 48.133599754298388 ], [ 11.5743207298854, 48.133463030752168 ], [ 11.574496972453233, 48.133492309392736 ] ] ] } },
{ "type": "Feature", "properties": { "building_id": 433, "floors": 3, "damage_level": 0.721, "building_type": "public", "zoning_category": "mixed_use" }, "geometry": { "type": "Polygon", "coordinates": [ [ [ 11.575337100389216, 48.133455931677858 ], [ 11.575295728222297, 48.133582886297106 ], [ 11.575059151726466, 48.133548546362363 ], [ 11.575100523893385, 48.133421591658212 ], [ 11.575337100389216, 48.133455931677858 ] ] ] } },
{ "type": "Feature", "properties": { "building_id": 434, "floors": 10, "damage_level": 0.744, "building_type": "commercial", "zoning_category": "mixed_use" }, "geometry": { "type": "Polygon", "coordinates": [ [ [ 11.576223377544807, 48.133391230674121 ], [ 11.576350625674143, 48.133652861995053 ], [ 11.576103272780275, 48.133706447310587 ], [ 11.575976024650938, 48.133444816262681 ], [ 11.576223377544807, 48.133391230674121 ] ] ] } },
{ "type": "Feature", "properties": { "building_id": 435, "floors": 5, "damage_level": 0.263, "building_type": "residential", "zoning_category": "mixed_use" }, "geometry": { "type": "Polygon", "coordinates": [ [ [ 11.577015782870864, 48.133492887620093 ], [ 11.576990011885213, 48.13355929569282 ], [ 11.576774376915186, 48.133522022412912 ], [ 11.576800147900835, 48.133455614291982 ], [ 11.577015782870864, 48.133492887620093 ] ] ] } },
{ "type": "Feature", "properties": { "building_id": 436, "floors": 1, "damage_level": 0.474, "building_type": "industrial", "zoning_category": "industrial" }, "geometry": { "type": "Polygon", "coordinates": [ [ [ 11.578453043994431, 48.133440201382498 ], [ 11.578305373383504, 48.133850672246872 ], [ 11.577261331565156, 48.133683372620332 ], [ 11.577409002176081, 48.133272900418568 ], [ 11.578453043994431, 48.133440201382498 ] ] ] } },
{ "type": "Feature", "properties": { "building_id": 437, "floors": 4, "damage_level": 0.397, "building_type": "residential", "zoning_category": "residential" }, "geometry": { "type": "Polygon", "coordinates": [ [ [ 11.578453181928417, 48.133476747204341 ], [ 11.578527922420024, 48.133618786989047 ], [ 11.578347926584685, 48.133660973697758 ], [ 11.578273186093078, 48.133518934029752 ], [ 11.578453181928417, 48.133476747204341 ] ] ] } },
{ "type": "Feature", "properties": { "building_id": 438, "floors": 3, "damage_level": 0.274, "building_type": "residential", "zoning_category": "mixed_use" }, "geometry": { "type": "Polygon", "coordinates": [ [ [ 11.560870644060838, 48.133961694340378 ], [ 11.560870856704128, 48.134159267476569 ], [ 11.560652847412019, 48.134159371986442 ], [ 11.560652634768729, 48.133961798850656 ], [ 11.560870644060838, 48.133961694340378 ] ] ] } },
{ "type": "Feature", "properties": { "building_id": 439, "floors": 3, "damage_level": 0.185, "building_type": "residential", "zoning_category": "residential" }, "geometry": { "type": "Polygon", "coordinates": [ [ [ 11.561577537287492, 48.133911672101704 ], [ 11.561619256200663, 48.134072517577238 ], [ 11.56154843863828, 48.134080698925914 ], [ 11.561506719725109, 48.133919853476002 ], [ 11.561577537287492, 48.133911672101704 ] ] ] } },
{ "type": "Feature", "properties": { "building_id": 440, "floors": 3, "damage_level": 0.884, "building_type": "commercial", "zoning_category": "commercial" }, "geometry": { "type": "Polygon", "coordinates": [ [ [ 11.562644298494408, 48.134014894302595 ], [ 11.562590078412516, 48.134325233443398 ], [ 11.562246865405278, 48.134298525303031 ], [ 11.562301085487174, 48.133988186000806 ], [ 11.562644298494408, 48.134014894302595 ] ] ] } },
{ "type": "Feature", "properties": { "building_id": 441, "floors": 3, "damage_level": 0.849, "building_type": "residential", "zoning_category": "mixed_use" }, "geometry": { "type": "Polygon", "coordinates": [ [ [ 11.56314360035263, 48.133939083186895 ], [ 11.563136673421026, 48.134146816213139 ], [ 11.563033052007791, 48.134145277195366 ], [ 11.563039978939397, 48.133937544162897 ], [ 11.56314360035263, 48.133939083186895 ] ] ] } },
{ "type": "Feature", "properties": { "building_id": 442, "floors": 6, "damage_level": 0.409, "building_type": "residential", "zoning_category": "residential" }, "geometry": { "type": "Polygon", "coordinates": [ [ [ 11.564036618556054, 48.134061242982689 ], [ 11.56402435289947, 48.134188102404686 ], [ 11.563895568031588, 48.134182556266836 ], [ 11.563907833688171, 48.13405569683114 ], [ 11.564036618556054, 48.134061242982689 ] ] ] } },
{ "type": "Feature", "properties": { "building_id": 443, "floors": 6, "damage_level": 0.486, "building_type": "residential", "zoning_category": "mixed_use" }, "geometry": { "type": "Polygon", "coordinates": [ [ [ 11.564929422946472, 48.134001955624548 ], [ 11.564929430235882, 48.1341718838422 ], [ 11.564731691010145, 48.134171887620333 ], [ 11.564731683720733, 48.134001959402703 ], [ 11.564929422946472, 48.134001955624548 ] ] ] } },
{ "type": "Feature", "properties": { "building_id": 444, "floors": 2, "damage_level": 0.457, "building_type": "residential", "zoning_category": "mixed_use" }, "geometry": { "type": "Polygon", "coordinates": [ [ [ 11.565494220672564, 48.133836218719473 ], [ 11.565544607765815, 48.134009888134315 ], [ 11.565387261109443, 48.134030221737135 ], [ 11.565336874016191, 48.133856552391066 ], [ 11.565494220672564, 48.133836218719473 ] ] ] } },
{ "type": "Feature", "properties": { "building_id": 445, "floors": 1, "damage_level": 0.37, "building_type": "residential", "zoning_category": "residential" }, "geometry": { "type": "Polygon", "coordinates": [ [ [ 11.566329726146218, 48.133971735955186 ], [ 11.566324608680992, 48.134028827155674 ], [ 11.56623744249181, 48.134025347038033 ], [ 11.566242559957036, 48.133968255833679 ], [ 11.566329726146218, 48.133971735955186 ] ] ] } },
{ "type": "Feature", "properties": { "building_id": 446, "floors": 4, "damage_level": 0.294, "building_type": "residential", "zoning_category": "residential" }, "geometry": { "type": "Polygon", "coordinates": [ [ [ 11.567288805304436, 48.134072045661618 ], [ 11.567270827903327, 48.134183980470901 ], [ 11.567150820099512, 48.134175395694207 ], [ 11.567168797500621, 48.134063460866216 ], [ 11.567288805304436, 48.134072045661618 ] ] ] } },
{ "type": "Feature", "properties": { "building_id": 447, "floors": 2, "damage_level": 0.408, "building_type": "public", "zoning_category": "public" }, "geometry": { "type": "Polygon", "coordinates": [ [ [ 11.568270840510531, 48.133840473612821 ], [ 11.568210348843214, 48.134125224656628 ], [ 11.567718916371575, 48.134078724572973 ], [ 11.56777940803889, 48.133793973271288 ], [ 11.568270840510531, 48.133840473612821 ] ] ] } },
{ "type": "Feature", "properties": { "building_id": 448, "floors": 2, "damage_level": 0.579, "building_type": "residential", "zoning_category": "residential" }, "geometry": { "type": "Polygon", "coordinates": [ [ [ 11.569095949216901, 48.13387184999042 ], [ 11.56900828829537, 48.13404507221864 ], [ 11.5687742093411, 48.133992309721094 ], [ 11.568861870262634, 48.133819087314876 ], [ 11.569095949216901, 48.13387184999042 ] ] ] } },
{ "type": "Feature", "properties": { "building_id": 449, "floors": 4, "damage_level": 0.066, "building_type": "residential", "zoning_category": "residential" }, "geometry": { "type": "Polygon", "coordinates": [ [ [ 11.569730660762437, 48.133981361633936 ], [ 11.569698131731524, 48.134045232182871 ], [ 11.569587413750897, 48.134020116290351 ], [ 11.569619942781808, 48.133956245710166 ], [ 11.569730660762437, 48.133981361633936 ] ] ] } },
{ "type": "Feature", "properties": { "building_id": 450, "floors": 1, "damage_level": 0.713, "building_type": "residential", "zoning_category": "mixed_use" }, "geometry": { "type": "Polygon", "coordinates": [ [ [ 11.570438284695362, 48.134033672709876 ], [ 11.570408688100283, 48.134095782638767 ], [ 11.570254715432783, 48.134063102529105 ], [ 11.570284312027862, 48.134000992560686 ], [ 11.570438284695362, 48.134033672709876 ] ] ] } },
{ "type": "Feature", "properties": { "building_id": 451, "floors": 1, "damage_level": 0.947, "building_type": "commercial", "zoning_category": "commercial" }, "geometry": { "type": "Polygon", "coordinates": [ [ [ 11.571582046875653, 48.133817148043761 ], [ 11.571493775163022, 48.13408181201978 ], [ 11.571192529467332, 48.13403706049192 ], [ 11.571280801179963, 48.133772396285245 ], [ 11.571582046875653, 48.133817148043761 ] ] ] } },
{ "type": "Feature", "properties": { "building_id": 452, "floors": 6, "damage_level": 0.219, "building_type": "residential", "zoning_category": "residential" }, "geometry": { "type": "Polygon", "coordinates": [ [ [ 11.572259865882749, 48.133922901005455 ], [ 11.57227380178904, 48.133988205894944 ], [ 11.572109227713016, 48.134003848595277 ], [ 11.572095291806727, 48.133938543725677 ], [ 11.572259865882749, 48.133922901005455 ] ] ] } },
{ "type": "Feature", "properties": { "building_id": 453, "floors": 6, "damage_level": 0.251, "building_type": "commercial", "zoning_category": "mixed_use" }, "geometry": { "type": "Polygon", "coordinates": [ [ [ 11.572846486183494, 48.133953213124826 ], [ 11.572825736619563, 48.134210635143951 ], [ 11.572480944797569, 48.134198256354175 ], [ 11.572501694361499, 48.133940834272991 ], [ 11.572846486183494, 48.133953213124826 ] ] ] } },
{ "type": "Feature", "properties": { "building_id": 454, "floors": 6, "damage_level": 0.693, "building_type": "commercial", "zoning_category": "mixed_use" }, "geometry": { "type": "Polygon", "coordinates": [ [ [ 11.573762681530376, 48.133873378995567 ], [ 11.573753451985704, 48.134024500095634 ], [ 11.573542618787295, 48.13401876481349 ], [ 11.573551848331967, 48.133867643696533 ], [ 11.573762681530376, 48.133873378995567 ] ] ] } },
{ "type": "Feature", "properties": { "building_id": 455, "floors": 1, "damage_level": 0.549, "building_type": "residential", "zoning_category": "mixed_use" }, "geometry": { "type": "Polygon", "coordinates": [ [ [ 11.574574180497619, 48.133960663641304 ], [ 11.57457859133233, 48.134142703178583 ], [ 11.57440135463531, 48.134144615969191 ], [ 11.574396943800597, 48.133962576438684 ], [ 11.574574180497619, 48.133960663641304 ] ] ] } },
{ "type": "Feature", "properties": { "building_id": 456, "floors": 2, "damage_level": 0.541, "building_type": "public", "zoning_category": "public" }, "geometry": { "type": "Polygon", "coordinates": [ [ [ 11.575499899558116, 48.133748184087125 ], [ 11.575552477081544, 48.134222102105483 ], [ 11.575214105296784, 48.134238822618386 ], [ 11.575161527773355, 48.133764904754358 ], [ 11.575499899558116, 48.133748184087125 ] ] ] } },
{ "type": "Feature", "properties": { "building_id": 457, "floors": 3, "damage_level": 0.296, "building_type": "cultural", "zoning_category": "public" }, "geometry": { "type": "Polygon", "coordinates": [ [ [ 11.576268178439019, 48.13395965303063 ], [ 11.576166302653714, 48.134168642869014 ], [ 11.575837172417556, 48.134097181342987 ], [ 11.575939048202862, 48.133888191213742 ], [ 11.576268178439019, 48.13395965303063 ] ] ] } },
{ "type": "Feature", "properties": { "building_id": 458, "floors": 1, "damage_level": 0.097, "building_type": "residential", "zoning_category": "mixed_use" }, "geometry": { "type": "Polygon", "coordinates": [ [ [ 11.576759413666631, 48.134039669868756 ], [ 11.576817595957618, 48.134181205073737 ], [ 11.576687383120332, 48.134205046813669 ], [ 11.576629200829347, 48.134063511674405 ], [ 11.576759413666631, 48.134039669868756 ] ] ] } },
{ "type": "Feature", "properties": { "building_id": 459, "floors": 4, "damage_level": 0.25, "building_type": "public", "zoning_category": "mixed_use" }, "geometry": { "type": "Polygon", "coordinates": [ [ [ 11.577786660671203, 48.133904466152366 ], [ 11.577748477892268, 48.134318730519425 ], [ 11.577545304136596, 48.134310389592237 ], [ 11.577583486915531, 48.133896125157897 ], [ 11.577786660671203, 48.133904466152366 ] ] ] } },
{ "type": "Feature", "properties": { "building_id": 460, "floors": 3, "damage_level": 0.154, "building_type": "commercial", "zoning_category": "commercial" }, "geometry": { "type": "Polygon", "coordinates": [ [ [ 11.578679705358065, 48.13409729321652 ], [ 11.578637415201106, 48.134205247317951 ], [ 11.578337754463963, 48.13415296105876 ], [ 11.578380044620921, 48.134045006847394 ], [ 11.578679705358065, 48.13409729321652 ] ] ] } },
{ "type": "Feature", "properties": { "building_id": 461, "floors": 5, "damage_level": 0.217, "building_type": "residential", "zoning_category": "mixed_use" }, "geometry": { "type": "Polygon", "coordinates": [ [ [ 11.560570987475639, 48.134508906066664 ], [ 11.560567418770596, 48.134654676222915 ], [ 11.560484858966861, 48.134653775978158 ], [ 11.560488427671904, 48.134508005819342 ], [ 11.560570987475639, 48.134508906066664 ] ] ] } },
{ "type": "Feature", "properties": { "building_id": 462, "floors": 4, "damage_level": 0.838, "building_type": "residential", "zoning_category": "residential" }, "geometry": { "type": "Polygon", "coordinates": [ [ [ 11.561457073843687, 48.13452349879482 ], [ 11.561467577394785, 48.13461070173831 ], [ 11.561263009331652, 48.134621676452142 ], [ 11.561252505780555, 48.134534473527296 ], [ 11.561457073843687, 48.13452349879482 ] ] ] } },
{ "type": "Feature", "properties": { "building_id": 463, "floors": 1, "damage_level": 0.563, "building_type": "residential", "zoning_category": "residential" }, "geometry": { "type": "Polygon", "coordinates": [ [ [ 11.562540721088881, 48.134505364354567 ], [ 11.562536241134142, 48.134563291620204 ], [ 11.56237373719903, 48.134557693972113 ], [ 11.562378217153771, 48.134499766700173 ], [ 11.562540721088881, 48.134505364354567 ] ] ] } },
{ "type": "Feature", "properties": { "building_id": 464, "floors": 6, "damage_level": 0.399, "building_type": "residential", "zoning_category": "residential" }, "geometry": { "type": "Polygon", "coordinates": [ [ [ 11.563256830316853, 48.13460750210055 ], [ 11.56325211407882, 48.134788548451112 ], [ 11.563040536882035, 48.134786093614402 ], [ 11.563045253120068, 48.134605047255178 ], [ 11.563256830316853, 48.13460750210055 ] ] ] } },
{ "type": "Feature", "properties": { "building_id": 465, "floors": 2, "damage_level": 0.14, "building_type": "residential", "zoning_category": "mixed_use" }, "geometry": { "type": "Polygon", "coordinates": [ [ [ 11.564020283610191, 48.134541762472701 ], [ 11.564018953392633, 48.134610266930999 ], [ 11.563916574335506, 48.134609381478413 ], [ 11.563917904553064, 48.134540877018935 ], [ 11.564020283610191, 48.134541762472701 ] ] ] } },
{ "type": "Feature", "properties": { "building_id": 466, "floors": 2, "damage_level": 0.064, "building_type": "public", "zoning_category": "mixed_use" }, "geometry": { "type": "Polygon", "coordinates": [ [ [ 11.565251267996523, 48.134580512309675 ], [ 11.565223799736744, 48.13473209614434 ], [ 11.564590227277389, 48.134680960540045 ], [ 11.564617695537168, 48.134529376554418 ], [ 11.565251267996523, 48.134580512309675 ] ] ] } },
{ "type": "Feature", "properties": { "building_id": 467, "floors": 2, "damage_level": 0.94, "building_type": "residential", "zoning_category": "mixed_use" }, "geometry": { "type": "Polygon", "coordinates": [ [ [ 11.565508071896351, 48.134594156781894 ], [ 11.565550463729348, 48.134692413093973 ], [ 11.565477259839222, 48.134706480204891 ], [ 11.565434868006223, 48.134608223919727 ], [ 11.565508071896351, 48.134594156781894 ] ] ] } },
{ "type": "Feature", "properties": { "building_id": 468, "floors": 4, "damage_level": 0.334, "building_type": "residential", "zoning_category": "residential" }, "geometry": { "type": "Polygon", "coordinates": [ [ [ 11.56648555168054, 48.134507818280944 ], [ 11.566502615917562, 48.134562865610313 ], [ 11.566402418866048, 48.134576699891142 ], [ 11.566385354629025, 48.134521652576616 ], [ 11.56648555168054, 48.134507818280944 ] ] ] } },
{ "type": "Feature", "properties": { "building_id": 469, "floors": 8, "damage_level": 0.808, "building_type": "residential", "zoning_category": "residential" }, "geometry": { "type": "Polygon", "coordinates": [ [ [ 11.567152647026353, 48.134560098987876 ], [ 11.567199757368984, 48.134731858200681 ], [ 11.567067223387177, 48.134748049142694 ], [ 11.567020113044546, 48.134576289984047 ], [ 11.567152647026353, 48.134560098987876 ] ] ] } },
{ "type": "Feature", "properties": { "building_id": 470, "floors": 2, "damage_level": 0.233, "building_type": "residential", "zoning_category": "residential" }, "geometry": { "type": "Polygon", "coordinates": [ [ [ 11.567976821806608, 48.134550708952844 ], [ 11.567960497044478, 48.134600184560171 ], [ 11.567782883840403, 48.134574082095568 ], [ 11.567799208602533, 48.134524606463096 ], [ 11.567976821806608, 48.134550708952844 ] ] ] } },
{ "type": "Feature", "properties": { "building_id": 471, "floors": 2, "damage_level": 0.421, "building_type": "residential", "zoning_category": "mixed_use" }, "geometry": { "type": "Polygon", "coordinates": [ [ [ 11.568775500618251, 48.134510311908997 ], [ 11.568789580712901, 48.134670019918445 ], [ 11.568707147022485, 48.134673256848536 ], [ 11.568693066927835, 48.134513548849156 ], [ 11.568775500618251, 48.134510311908997 ] ] ] } },
{ "type": "Feature", "properties": { "building_id": 472, "floors": 1, "damage_level": 0.43, "building_type": "residential", "zoning_category": "mixed_use" }, "geometry": { "type": "Polygon", "coordinates": [ [ [ 11.569731496285815, 48.134613728578408 ], [ 11.569681420078448, 48.134819911265758 ], [ 11.569474113932978, 48.134797485933888 ], [ 11.569524190140346, 48.134591303156476 ], [ 11.569731496285815, 48.134613728578408 ] ] ] } },
{ "type": "Feature", "properties": { "building_id": 473, "floors": 3, "damage_level": 0.473, "building_type": "residential", "zoning_category": "residential" }, "geometry": { "type": "Polygon", "coordinates": [ [ [ 11.570356619207688, 48.134495554788288 ], [ 11.570375370504216, 48.134621208230456 ], [ 11.570184217024465, 48.134633913663187 ], [ 11.570165465727937, 48.134508260252105 ], [ 11.570356619207688, 48.134495554788288 ] ] ] } },
{ "type": "Feature", "properties": { "building_id": 474, "floors": 6, "damage_level": 0.313, "building_type": "commercial", "zoning_category": "commercial" }, "geometry": { "type": "Polygon", "coordinates": [ [ [ 11.571191511080626, 48.13450456492923 ], [ 11.571223533714116, 48.134628055808065 ], [ 11.570990646104917, 48.134654953728358 ], [ 11.570958623471427, 48.134531462914218 ], [ 11.571191511080626, 48.13450456492923 ] ] ] } },
{ "type": "Feature", "properties": { "building_id": 475, "floors": 1, "damage_level": 0.129, "building_type": "industrial", "zoning_category": "industrial" }, "geometry": { "type": "Polygon", "coordinates": [ [ [ 11.572351612239657, 48.134377318142377 ], [ 11.572442548692893, 48.134607346985518 ], [ 11.571834062290293, 48.134714488359585 ], [ 11.571743125837058, 48.134484459996436 ], [ 11.572351612239657, 48.134377318142377 ] ] ] } },
{ "type": "Feature", "properties": { "building_id": 476, "floors": 4, "damage_level": 0.307, "building_type": "commercial", "zoning_category": "mixed_use" }, "geometry": { "type": "Polygon", "coordinates": [ [ [ 11.573092786563494, 48.1344142738605 ], [ 11.573117259725597, 48.134522591016371 ], [ 11.572862655399199, 48.134548212867266 ], [ 11.572838182237097, 48.13443989576546 ], [ 11.573092786563494, 48.1344142738605 ] ] ] } },
{ "type": "Feature", "properties": { "building_id": 477, "floors": 4, "damage_level": 0.113, "building_type": "residential", "zoning_category": "residential" }, "geometry": { "type": "Polygon", "coordinates": [ [ [ 11.573706041257873, 48.13466337991985 ], [ 11.573713695321548, 48.134716101360837 ], [ 11.573631274239029, 48.134721430923484 ], [ 11.573623620175352, 48.134668709487983 ], [ 11.573706041257873, 48.13466337991985 ] ] ] } },
{ "type": "Feature", "properties": { "building_id": 478, "floors": 4, "damage_level": 0.237, "building_type": "residential", "zoning_category": "mixed_use" }, "geometry": { "type": "Polygon", "coordinates": [ [ [ 11.574614368134203, 48.134451470560137 ], [ 11.574552516340365, 48.134639117034922 ], [ 11.574381063963559, 48.134613945722485 ], [ 11.574442915757396, 48.134426299155713 ], [ 11.574614368134203, 48.134451470560137 ] ] ] } },
{ "type": "Feature", "properties": { "building_id": 479, "floors": 3, "damage_level": 0.477, "building_type": "residential", "zoning_category": "mixed_use" }, "geometry": { "type": "Polygon", "coordinates": [ [ [ 11.575449828105766, 48.134514387856925 ], [ 11.575461604777418, 48.134690163398496 ], [ 11.575357293888578, 48.134693276140986 ], [ 11.575345517216926, 48.13451750061008 ], [ 11.575449828105766, 48.134514387856925 ] ] ] } },
{ "type": "Feature", "properties": { "building_id": 480, "floors": 2, "damage_level": 0.253, "building_type": "residential", "zoning_category": "residential" }, "geometry": { "type": "Polygon", "coordinates": [ [ [ 11.57594407165603, 48.134595716957826 ], [ 11.575973842129029, 48.134726034011742 ], [ 11.575872279104725, 48.134736368017599 ], [ 11.575842508631727, 48.134606050989916 ], [ 11.57594407165603, 48.134595716957826 ] ] ] } },
{ "type": "Feature", "properties": { "building_id": 481, "floors": 3, "damage_level": 0.499, "building_type": "commercial", "zoning_category": "commercial" }, "geometry": { "type": "Polygon", "coordinates": [ [ [ 11.5768322059353, 48.134538449286367 ], [ 11.576821706544484, 48.134713200254197 ], [ 11.57656265385293, 48.134706267884795 ], [ 11.576573153243748, 48.134531516893375 ], [ 11.5768322059353, 48.134538449286367 ] ] ] } },
{ "type": "Feature", "properties": { "building_id": 482, "floors": 1, "damage_level": 0.396, "building_type": "industrial", "zoning_category": "industrial" }, "geometry": { "type": "Polygon", "coordinates": [ [ [ 11.577858936305184, 48.134418725953218 ], [ 11.578041533662324, 48.134883803365426 ], [ 11.57772339714997, 48.134939436036071 ], [ 11.577540799792832, 48.134474359127772 ], [ 11.577858936305184, 48.134418725953218 ] ] ] } },
{ "type": "Feature", "properties": { "building_id": 483, "floors": 3, "damage_level": 0.24, "building_type": "residential", "zoning_category": "residential" }, "geometry": { "type": "Polygon", "coordinates": [ [ [ 11.578394986676894, 48.134410749001091 ], [ 11.578360854922062, 48.134596383442208 ], [ 11.578264893455993, 48.134588524790537 ], [ 11.578299025210825, 48.13440289032102 ], [ 11.578394986676894, 48.134410749001091 ] ] ] } },
{ "type": "Feature", "properties": { "building_id": 484, "floors": 1, "damage_level": 0.272, "building_type": "residential", "zoning_category": "residential" }, "geometry": { "type": "Polygon", "coordinates": [ [ [ 11.56087662284817, 48.134987545849725 ], [ 11.560897846451059, 48.135165045833467 ], [ 11.560715104334557, 48.135174777804714 ], [ 11.560693880731666, 48.134997277854616 ], [ 11.56087662284817, 48.134987545849725 ] ] ] } },
{ "type": "Feature", "properties": { "building_id": 485, "floors": 5, "damage_level": 0.176, "building_type": "residential", "zoning_category": "residential" }, "geometry": { "type": "Polygon", "coordinates": [ [ [ 11.561439407633083, 48.13496605121383 ], [ 11.56142711002407, 48.135122526235399 ], [ 11.561331890612786, 48.135119193174795 ], [ 11.561344188221799, 48.134962718143065 ], [ 11.561439407633083, 48.13496605121383 ] ] ] } },
{ "type": "Feature", "properties": { "building_id": 486, "floors": 1, "damage_level": 0.803, "building_type": "commercial", "zoning_category": "mixed_use" }, "geometry": { "type": "Polygon", "coordinates": [ [ [ 11.56244099864605, 48.13500665726572 ], [ 11.562435900960205, 48.135214827509515 ], [ 11.562062839731384, 48.135210758626037 ], [ 11.562067937417229, 48.135002588365744 ], [ 11.56244099864605, 48.13500665726572 ] ] ] } },
{ "type": "Feature", "properties": { "building_id": 487, "floors": 7, "damage_level": 0.066, "building_type": "residential", "zoning_category": "residential" }, "geometry": { "type": "Polygon", "coordinates": [ [ [ 11.563351275378029, 48.135151801702875 ], [ 11.563361267880019, 48.135229067273414 ], [ 11.563138214651243, 48.135241915304981 ], [ 11.563128222149251, 48.135164649753783 ], [ 11.563351275378029, 48.135151801702875 ] ] ] } },
{ "type": "Feature", "properties": { "building_id": 488, "floors": 4, "damage_level": 0.796, "building_type": "residential", "zoning_category": "mixed_use" }, "geometry": { "type": "Polygon", "coordinates": [ [ [ 11.564045086482549, 48.134989411601765 ], [ 11.563989483704686, 48.135110422218659 ], [ 11.563817720847565, 48.135075270665574 ], [ 11.563873323625428, 48.134954259965838 ], [ 11.564045086482549, 48.134989411601765 ] ] ] } },
{ "type": "Feature", "properties": { "building_id": 489, "floors": 3, "damage_level": 0.336, "building_type": "residential", "zoning_category": "mixed_use" }, "geometry": { "type": "Polygon", "coordinates": [ [ [ 11.564768016626799, 48.135180892603898 ], [ 11.564752549335708, 48.135282006424966 ], [ 11.564559062441575, 48.135268824025793 ], [ 11.564574529732665, 48.13516771017877 ], [ 11.564768016626799, 48.135180892603898 ] ] ] } },
{ "type": "Feature", "properties": { "building_id": 490, "floors": 4, "damage_level": 0.981, "building_type": "public", "zoning_category": "mixed_use" }, "geometry": { "type": "Polygon", "coordinates": [ [ [ 11.565661625037452, 48.135100309557863 ], [ 11.565702931829543, 48.135247968344814 ], [ 11.56530999305687, 48.135296926690586 ], [ 11.565268686264776, 48.135149268044422 ], [ 11.565661625037452, 48.135100309557863 ] ] ] } },
{ "type": "Feature", "properties": { "building_id": 491, "floors": 1, "damage_level": 0.492, "building_type": "industrial", "zoning_category": "industrial" }, "geometry": { "type": "Polygon", "coordinates": [ [ [ 11.566849320147288, 48.135022232646705 ], [ 11.566785120416478, 48.135438722496573 ], [ 11.565723007281541, 48.135365804006234 ], [ 11.565787207012349, 48.134949313564867 ], [ 11.566849320147288, 48.135022232646705 ] ] ] } },
{ "type": "Feature", "properties": { "building_id": 492, "floors": 1, "damage_level": 0.357, "building_type": "cultural", "zoning_category": "public" }, "geometry": { "type": "Polygon", "coordinates": [ [ [ 11.567330064714596, 48.135149525867249 ], [ 11.567262636082853, 48.135337576686595 ], [ 11.56687195378592, 48.135275184292041 ], [ 11.566939382417663, 48.135087133244184 ], [ 11.567330064714596, 48.135149525867249 ] ] ] } },
{ "type": "Feature", "properties": { "building_id": 493, "floors": 8, "damage_level": 0.167, "building_type": "commercial", "zoning_category": "commercial" }, "geometry": { "type": "Polygon", "coordinates": [ [ [ 11.568340276897876, 48.135001685521651 ], [ 11.568181615486624, 48.135340510367492 ], [ 11.567775683775034, 48.135255848366292 ], [ 11.567934345186286, 48.134917022961766 ], [ 11.568340276897876, 48.135001685521651 ] ] ] } },
{ "type": "Feature", "properties": { "building_id": 494, "floors": 3, "damage_level": 0.29, "building_type": "residential", "zoning_category": "mixed_use" }, "geometry": { "type": "Polygon", "coordinates": [ [ [ 11.568971816862478, 48.135213428708973 ], [ 11.568945388607784, 48.135277221231171 ], [ 11.568750512206011, 48.135241263096866 ], [ 11.568776940460706, 48.135177470529982 ], [ 11.568971816862478, 48.135213428708973 ] ] ] } },
{ "type": "Feature", "properties": { "building_id": 495, "floors": 2, "damage_level": 0.599, "building_type": "residential", "zoning_category": "residential" }, "geometry": { "type": "Polygon", "coordinates": [ [ [ 11.56979356666805, 48.135089111921452 ], [ 11.569701503838713, 48.135266505385481 ], [ 11.569526705155015, 48.1352261013513 ], [ 11.569618767984352, 48.135048707747686 ], [ 11.56979356666805, 48.135089111921452 ] ] ] } },
{ "type": "Feature", "properties": { "building_id": 496, "floors": 3, "damage_level": 0.726, "building_type": "residential", "zoning_category": "residential" }, "geometry": { "type": "Polygon", "coordinates": [ [ [ 11.57061685515156, 48.135005655269943 ], [ 11.570623287367694, 48.135109225324996 ], [ 11.57048736457846, 48.135112985090259 ], [ 11.570480932362326, 48.135009415042781 ], [ 11.57061685515156, 48.135005655269943 ] ] ] } },
{ "type": "Feature", "properties": { "building_id": 497, "floors": 4, "damage_level": 0.423, "building_type": "cultural", "zoning_category": "public" }, "geometry": { "type": "Polygon", "coordinates": [ [ [ 11.571360699910469, 48.134935556422974 ], [ 11.57135404381569, 48.135147180608598 ], [ 11.571070326544348, 48.135143206114563 ], [ 11.571076982639127, 48.134931581912554 ], [ 11.571360699910469, 48.134935556422974 ] ] ] } },
{ "type": "Feature", "properties": { "building_id": 498, "floors": 2, "damage_level": 0.396, "building_type": "public", "zoning_category": "mixed_use" }, "geometry": { "type": "Polygon", "coordinates": [ [ [ 11.572363028822886, 48.1351033004984 ], [ 11.572288341751252, 48.135383561589713 ], [ 11.571907650703915, 48.135338376658012 ], [ 11.57198233777555, 48.135058115320057 ], [ 11.572363028822886, 48.1351033004984 ] ] ] } },
{ "type": "Feature", "properties": { "building_id": 499, "floors": 4, "damage_level": 0.626, "building_type": "residential", "zoning_category": "mixed_use" }, "geometry": { "type": "Polygon", "coordinates": [ [ [ 11.572899069934092, 48.135190184438336 ], [ 11.57290149555625, 48.135299063134632 ], [ 11.572829342985486, 48.135299779065186 ], [ 11.572826917363329, 48.135190900370411 ], [ 11.572899069934092, 48.135190184438336 ] ] ] } },
{ "type": "Feature", "properties": { "building_id": 500, "floors": 1, "damage_level": 0.708, "building_type": "residential", "zoning_category": "mixed_use" }, "geometry": { "type": "Polygon", "coordinates": [ [ [ 11.573715772843679, 48.135101206431088 ], [ 11.573700031414383, 48.135167827449045 ], [ 11.573599261293182, 48.135157222572346 ], [ 11.573615002722478, 48.135090601540639 ], [ 11.573715772843679, 48.135101206431088 ] ] ] } }
]
}
